Method,Mode,Image,TP,TN,FP,FN,DICE,JACCARD,PRECISION,RECALL,ACCURACY,F1,SPECIFICITY,NPV,FDR,Overlap,Sigma
HistoKit (no postprocessing),gaussian,TCGA-DQ-7590-01Z-00-DX1.8319DF99-1663-48DE-BB6A-A156FBAC2EA1.png,10432243,212611519,114832,23048622,0.47389194225303294,0.31052318991923283,0.9891124316457407,0.3115882161347982,0.9059188663259975,0.473891942253033,0.9994601891140417,0.9021955011051275,0.010887568354259356,0.25,1.75
HistoKit (no postprocessing),gaussian,TCGA-YL-A8SI-01Z-00-DX1.35E5FB1A-9AAC-4942-892B-E9D80F6BDA23.png,159863746,170025776,4448995,14313003,0.9445714016113174,0.8949647593910092,0.9729236152173981,0.9178248355066037,0.9461869605501791,0.9445714016113174,0.9745006399807798,0.9223548996166455,0.027076384782601857,0.25,1.75
HistoKit (no postprocessing),gaussian,TCGA-G9-6378-01A-01-BS1.bc59e095-f3ab-4a6e-8cef-ea7fc76abec8.png,15010433,33191764,7155,4155348,0.8782301709348778,0.7828969439005065,0.9995235586433721,0.7831892162390878,0.920509369861758,0.8782301709348777,0.9997844809344545,0.8887370996718568,0.00047644135662797517,0.25,1.75
HistoKit (no postprocessing),gaussian,TCGA-G9-7509-01Z-00-DX1.D75B78D5-F5B9-4684-9FE0-C7279122D66F.png,60521934,325045093,65518,37368655,0.7637895271560051,0.617847481423491,0.9989186209712202,0.6182610056621479,0.9115033881700572,0.7637895271560052,0.9997984747412627,0.896889521420694,0.0010813790287797546,0.25,1.75
HistoKit (no postprocessing),gaussian,TCGA-BA-A6DF-01Z-00-DX1.AAA638F5-C794-441B-A034-30AD8CC72573.png,211138768,815543255,1108070,13111475,0.9674235049466459,0.9369025051230304,0.9947793332968287,0.9415319474146567,0.9863392030167448,0.9674235049466459,0.9986431541025174,0.9841773967789939,0.005220666703171333,0.25,1.75
HistoKit (no postprocessing),gaussian,normal_004.png,17085234,1294845329,104575,3206846,0.9116527718226795,0.837648820358044,0.9939164536383156,0.8419656338827759,0.9974822724332985,0.9116527718226796,0.9999192439802675,0.9975294937586002,0.006083546361684415,0.25,1.75
HistoKit (no postprocessing),gaussian,tumor_031.png,37630373,1305349592,93213,8803430,0.8942856580305741,0.8087854376906527,0.9975290525137245,0.810409024649564,0.9934190421319873,0.8942856580305741,0.9999285966419648,0.9933010617084743,0.0024709474862755626,0.25,1.75
HistoKit (no postprocessing),gaussian,TCGA-YL-A8SL-01Z-00-DX2.F64D1539-E590-4B51-96B4-1F95CAE6E33A.png,291130667,299356611,3846710,41365212,0.9279460573535584,0.8655777666027302,0.9869593050181608,0.8755918054551287,0.9288784349579172,0.9279460573535584,0.9873131007031417,0.878595354897476,0.013040694981839235,0.25,1.75
HistoKit (no postprocessing),gaussian,tumor_021.png,172372525,1108144166,570654,67659919,0.8347830496523035,0.7164185599970953,0.9967003382076144,0.7181217760712381,0.9494118914483299,0.8347830496523035,0.9994853013690211,0.9424564688427665,0.0032996617923855788,0.25,1.75
HistoKit (no postprocessing),gaussian,TCGA-SR-A6MX-01Z-00-DX1.2642CBB2-65ED-48E9-BC30-D2F3F5D4D8B3.png,78907299,266669722,792512,8007995,0.9471806172675641,0.8996610746368459,0.9900562875864285,0.9078643742492547,0.9751662949689067,0.947180617267564,0.9970369199862438,0.9708458513218238,0.00994371241357147,0.25,1.75
HistoKit (no postprocessing),gaussian,TCGA-G9-6333-11A-01-TS1.924c9301-78b6-4330-be95-533b25cf1a91.png,9113647,71145257,317027,6209533,0.7363416621912693,0.5827062902684088,0.9663834207395993,0.5947621185680779,0.9247966226233463,0.7363416621912693,0.9955637158196623,0.9197265870672003,0.03361657926040069,0.25,1.75
HistoKit (no postprocessing),gaussian,TCGA-DQ-7590-01Z-00-DX1.8319DF99-1663-48DE-BB6A-A156FBAC2EA1.png,10442956,212614664,111687,23037909,0.4742970604540318,0.31087117168115125,0.9894182114923262,0.3119081899467054,0.9059751522473655,0.4742970604540318,0.9994749733661346,0.9022378210994539,0.010581788507673827,0.5,1.75
HistoKit (no postprocessing),gaussian,TCGA-FA-A82F-01Z-00-DX1.6D1B9A0A-FAA1-4E4D-9280-3D87F9929972.png,210079802,531848662,1171292,3891280,0.9880942897954598,0.97646873600084,0.9944554511987521,0.9818139911074526,0.9932227138532891,0.9880942897954597,0.9978025363005453,0.9927366251889429,0.005544548801247865,0.25,1.75
HistoKit (no postprocessing),gaussian,TCGA-YL-A8SJ-01Z-00-DX2.36E46E11-79CA-4356-B68F-F387219B3D16.png,185581377,213223230,1654232,137460649,0.7273741362385988,0.5715537904351211,0.9911649711887871,0.574480600242397,0.7413834521644994,0.7273741362385989,0.9923015099647817,0.6080211916442273,0.008835028811212935,0.25,1.75
HistoKit (no postprocessing),gaussian,TCGA-YL-A8SI-01Z-00-DX1.35E5FB1A-9AAC-4942-892B-E9D80F6BDA23.png,161116296,170251017,4223754,13060453,0.9490917472981948,0.9031157047802718,0.9744541386070708,0.925016093853032,0.9504255509914312,0.9490917472981948,0.9757916059967203,0.9287526688864587,0.0255458613929293,0.5,1.75
HistoKit (no postprocessing),gaussian,TCGA-G9-6378-01A-01-BS1.bc59e095-f3ab-4a6e-8cef-ea7fc76abec8.png,15096900,33191725,7194,4068881,0.8810595311479835,0.7874051888139425,0.9995237052947367,0.7877007464501447,0.9221598710581747,0.8810595311479835,0.9997833061974096,0.8907993874281057,0.00047629470526335443,0.5,1.75
HistoKit (no postprocessing),gaussian,TCGA-G9-7509-01Z-00-DX1.D75B78D5-F5B9-4684-9FE0-C7279122D66F.png,60479514,325044220,66391,37411075,0.7634543339490963,0.61740892787834,0.9989034601101429,0.6178276647206608,0.9114010409426735,0.7634543339490963,0.9997957895013153,0.896784305496213,0.0010965398898571258,0.5,1.75
HistoKit (no postprocessing),gaussian,TCGA-BA-A6DF-01Z-00-DX1.AAA638F5-C794-441B-A034-30AD8CC72573.png,211117292,815543660,1107665,13132951,0.9673735964838323,0.9368088915699377,0.9947807033835327,0.9414361794024901,0.9863189599883473,0.9673735964838323,0.9986436500302011,0.9841518985504467,0.005219296616467214,0.5,1.75
HistoKit (no postprocessing),gaussian,normal_004.png,17084792,1294845209,104695,3207288,0.9116370188044699,0.83762222214051,0.9939093586678881,0.8419438519856023,0.9974818451355032,0.9116370188044699,0.9999191513125901,0.9975291538613327,0.006090641332111889,0.5,1.75
HistoKit (no postprocessing),gaussian,TCGA-YL-A8SL-01Z-00-DX2.F64D1539-E590-4B51-96B4-1F95CAE6E33A.png,292859019,299037242,4166079,39636860,0.9304186189176028,0.8698904406657078,0.9859739832490519,0.8807899210083142,0.9310948653073655,0.9304186189176029,0.9862597844038786,0.8829645970390733,0.014026016750948096,0.5,1.75
HistoKit (no postprocessing),gaussian,tumor_031.png,37636405,1305349158,93647,8797398,0.8943602927883947,0.8089075373784723,0.9975179732060798,0.8105389300118278,0.9934231830424571,0.8943602927883947,0.9999282641877213,0.9933056187988822,0.0024820267939201354,0.5,1.75
HistoKit (no postprocessing),gaussian,tumor_021.png,172711109,1108129606,585214,67321335,0.8357081470692796,0.7177823541113512,0.9966230443331449,0.7195323520515419,0.9496521321580972,0.8357081470692795,0.9994721690470413,0.9427272269289885,0.0033769556668550894,0.5,1.75
HistoKit (no postprocessing),gaussian,TCGA-SR-A6MX-01Z-00-DX1.2642CBB2-65ED-48E9-BC30-D2F3F5D4D8B3.png,79243037,266680482,781752,7672257,0.9493590224224341,0.9035998430323411,0.9902311270074077,0.9117271926848686,0.9761440601278758,0.9493590224224341,0.9970771499650302,0.9720350632256674,0.009768872992592333,0.5,1.75
HistoKit (no postprocessing),gaussian,TCGA-G9-6333-11A-01-TS1.924c9301-78b6-4330-be95-533b25cf1a91.png,9179316,71173397,288887,6143864,0.7405247218358089,0.5879628879379009,0.9694887192427116,0.5990477172492916,0.9258775524896657,0.7405247218358088,0.995957489967715,0.9205369678059341,0.03051128075728837,0.5,1.75
HistoKit (no postprocessing),gaussian,TCGA-FA-A82F-01Z-00-DX1.6D1B9A0A-FAA1-4E4D-9280-3D87F9929972.png,210468261,531838189,1181765,3502821,0.988993529897958,0.9782267068954937,0.9944164193015502,0.9836294654059842,0.9937287252801786,0.988993529897958,0.9977828878804038,0.9934568416494003,0.005583580698449808,0.5,1.75
HistoKit (no postprocessing),gaussian,TCGA-DQ-7590-01Z-00-DX1.8319DF99-1663-48DE-BB6A-A156FBAC2EA1.png,10526689,212619245,107106,22954176,0.4772422138128232,0.31340651687474663,0.9899277727283627,0.3144091109951908,0.9063338501012903,0.47724221381282317,0.999496508074827,0.9025604166099876,0.010072227271637266,0.9,2.25
HistoKit (no postprocessing),gaussian,TCGA-YL-A8SJ-01Z-00-DX2.36E46E11-79CA-4356-B68F-F387219B3D16.png,185977614,213205518,1671944,137064412,0.7283363181485286,0.5727428789097063,0.9910900722718462,0.5757071805883238,0.7420871355380231,0.7283363181485286,0.9922190815898598,0.6086891843670394,0.008909927728153775,0.5,1.75
HistoKit (no postprocessing),gaussian,TCGA-YL-A8SI-01Z-00-DX1.35E5FB1A-9AAC-4942-892B-E9D80F6BDA23.png,161299070,170360486,4114285,12877679,0.9499633122406889,0.9046953533288724,0.9751272501546202,0.9260654532023674,0.9512637604448132,0.9499633122406889,0.9764190262212753,0.9297216330451683,0.024872749845379776,0.9,2.25
HistoKit (no postprocessing),gaussian,TCGA-G9-6378-01A-01-BS1.bc59e095-f3ab-4a6e-8cef-ea7fc76abec8.png,15098780,33191725,7194,4067001,0.8811209113743956,0.7875032434976836,0.9995237645715529,0.7877988379393461,0.9221957731066921,0.8811209113743956,0.9997833061974096,0.8908443353645532,0.0004762354284470502,0.9,2.25
HistoKit (no postprocessing),gaussian,TCGA-G9-7509-01Z-00-DX1.D75B78D5-F5B9-4684-9FE0-C7279122D66F.png,60747475,325043943,66668,37143114,0.765540815758411,0.6201426710019045,0.9989037418483394,0.6205650167249479,0.9120338618424723,0.765540815758411,0.9997949374836,0.8974477047643368,0.0010962581516605438,0.9,2.25
HistoKit (no postprocessing),gaussian,TCGA-BA-A6DF-01Z-00-DX1.AAA638F5-C794-441B-A034-30AD8CC72573.png,211152539,815544230,1107095,13097704,0.9674582415004552,0.9369676659918658,0.9947842414540299,0.9415933564896962,0.9863533695820123,0.9674582415004552,0.9986443480024967,0.9841937712025083,0.0052157585459701675,0.9,2.25
HistoKit (no postprocessing),gaussian,normal_004.png,17087362,1294843710,106194,3204718,0.9116751813948148,0.8376866591751831,0.9938236162432018,0.8420705023831958,0.9974826594343266,0.9116751813948148,0.9999179937388528,0.9975311260112708,0.006176383756798186,0.9,2.25
HistoKit (no postprocessing),gaussian,TCGA-YL-A8SL-01Z-00-DX2.F64D1539-E590-4B51-96B4-1F95CAE6E33A.png,293349825,299333609,3869712,39146054,0.931690149380113,0.872116033414369,0.9869802905991338,0.8822660475740813,0.9323331443550661,0.9316901493801131,0.9872372374179899,0.884347397261501,0.013019709400866202,0.9,2.25
HistoKit (no postprocessing),gaussian,tumor_031.png,37651588,1305347240,95565,8782215,0.8945393302494687,0.8092005032176668,0.9974682858863555,0.8108659116290776,0.9934329953285204,0.8945393302494687,0.9999267949544522,0.9933170853399675,0.0025317141136445443,0.9,2.25
HistoKit (no postprocessing),gaussian,tumor_021.png,172573794,1108129697,585123,67458650,0.835321404505357,0.7172119482032665,0.996620890161839,0.7189602835523351,0.949550390339105,0.835321404505357,0.9994722511240537,0.9426171157853439,0.0033791098381609768,0.9,2.25
HistoKit (no postprocessing),gaussian,TCGA-SR-A6MX-01Z-00-DX1.2642CBB2-65ED-48E9-BC30-D2F3F5D4D8B3.png,79407092,266668518,793716,7508202,0.9503224530691842,0.9053470333321514,0.9901033914770534,0.9136147200974779,0.9765732380186365,0.9503224530691842,0.9970324184161268,0.9726154649453826,0.009896608522946552,0.9,2.25
HistoKit (no postprocessing),gaussian,TCGA-G9-6333-11A-01-TS1.924c9301-78b6-4330-be95-533b25cf1a91.png,9181910,71172803,289481,6141270,0.7406387470870135,0.588106665481304,0.9694362739327307,0.5992170032591146,0.9259005978236171,0.7406387470870135,0.9959491778908158,0.9205672426545165,0.030563726067269318,0.9,2.25
HistoKit (no postprocessing),gaussian,TCGA-FA-A82F-01Z-00-DX1.6D1B9A0A-FAA1-4E4D-9280-3D87F9929972.png,210897627,531851100,1168854,3073455,0.9900424061903669,0.9802811645346962,0.9944882661583846,0.9856361197444429,0.9943208033355838,0.9900424061903669,0.9978071102381282,0.9942544140640543,0.0055117338416154505,0.9,2.25
HistoKit (no postprocessing),gaussian,TCGA-YL-A8SJ-01Z-00-DX2.36E46E11-79CA-4356-B68F-F387219B3D16.png,185905995,213250834,1626628,137136031,0.7282225835697533,0.5726022291021664,0.9913261598223366,0.5754854787841134,0.7420382378858897,0.7282225835697534,0.9924299738797175,0.6086153771774522,0.008673840177663383,0.9,2.25
HistoKit (no postprocessing),gaussian,TCGA-DQ-7590-01Z-00-DX1.8319DF99-1663-48DE-BB6A-A156FBAC2EA1.png,10441773,212615144,111207,23039092,0.4742612415518109,0.31084039710322126,0.9894620287350113,0.3118728563315195,0.9059722969289413,0.4742612415518108,0.9994772297861678,0.9022334909354228,0.010537971264988658,0.5,0.75
HistoKit (no postprocessing),gaussian,TCGA-YL-A8SI-01Z-00-DX1.35E5FB1A-9AAC-4942-892B-E9D80F6BDA23.png,161144574,170242124,4232647,13032175,0.9491544098276925,0.9032291886689645,0.974406106388739,0.9251784461771071,0.9504811509211261,0.9491544098276925,0.9757406358768054,0.9288925120919437,0.02559389361126101,0.5,0.75
HistoKit (no postprocessing),gaussian,TCGA-G9-6378-01A-01-BS1.bc59e095-f3ab-4a6e-8cef-ea7fc76abec8.png,15099824,33191728,7191,4065957,0.8811550712115813,0.7875578183705687,0.999523995971408,0.7878533100216475,0.9222157674922228,0.8811550712115813,0.9997833965617977,0.8908693065605123,0.000476004028592015,0.5,0.75
HistoKit (no postprocessing),gaussian,TCGA-G9-7509-01Z-00-DX1.D75B78D5-F5B9-4684-9FE0-C7279122D66F.png,60613547,325044254,66357,37277042,0.7644996979356052,0.6187774269728662,0.9989064419086754,0.6191968770358507,0.9117179833059575,0.7644996979356052,0.999795894081107,0.897116061320337,0.0010935580913246006,0.5,0.75
HistoKit (no postprocessing),gaussian,TCGA-BA-A6DF-01Z-00-DX1.AAA638F5-C794-441B-A034-30AD8CC72573.png,211115663,815545942,1105383,13134580,0.9673748002242595,0.9368111493253778,0.9947913601368263,0.9414289151963149,0.9863195873291258,0.9673748002242594,0.998646444368409,0.9841500075707101,0.005208639863173608,0.5,0.75
HistoKit (no postprocessing),gaussian,normal_004.png,17084608,1294845265,104639,3207472,0.9116330379658116,0.8376155008067719,0.9939125314797094,0.8419347844084983,0.9974817478150089,0.9116330379658115,0.9999191945575062,0.9975290125673838,0.006087468520290621,0.5,0.75
HistoKit (no postprocessing),gaussian,TCGA-YL-A8SL-01Z-00-DX2.F64D1539-E590-4B51-96B4-1F95CAE6E33A.png,292858078,299035865,4167456,39637801,0.9304149849466677,0.8698840876153027,0.985969367872595,0.8807870908980499,0.9310912189287008,0.9304149849466676,0.9862552428968943,0.8829616678847418,0.014030632127404912,0.5,0.75
HistoKit (no postprocessing),gaussian,tumor_031.png,37635242,1305349188,93617,8798561,0.8943453333260776,0.8088830629336421,0.9975186898707963,0.8105138836032879,0.9934223449482159,0.8943453333260776,0.9999282871684294,0.9933047398919221,0.0024813101292037484,0.5,0.75
HistoKit (no postprocessing),gaussian,tumor_021.png,172706914,1108130990,583830,67325530,0.8356991284989315,0.7177690483229742,0.9966309221916665,0.7195148752474478,0.9496500480018768,0.8356991284989315,0.9994734173391856,0.9427239299331973,0.0033690778083334907,0.5,0.75
HistoKit (no postprocessing),gaussian,TCGA-SR-A6MX-01Z-00-DX1.2642CBB2-65ED-48E9-BC30-D2F3F5D4D8B3.png,79175651,266681235,780999,7739643,0.9489390379487639,0.902839199827979,0.9902322195839871,0.9109518860972846,0.975956031839581,0.9489390379487639,0.9970799653157761,0.9717964498313426,0.009767780416012927,0.5,0.75
HistoKit (no postprocessing),gaussian,TCGA-G9-6333-11A-01-TS1.924c9301-78b6-4330-be95-533b25cf1a91.png,9203077,71173714,288570,6120103,0.7417401701007225,0.5894968213044662,0.9695974787094379,0.6005983744888463,0.9261549952651057,0.7417401701007226,0.9959619258740736,0.9208202772545183,0.03040252129056211,0.5,0.75
HistoKit (no postprocessing),gaussian,TCGA-FA-A82F-01Z-00-DX1.6D1B9A0A-FAA1-4E4D-9280-3D87F9929972.png,210449552,531836920,1183034,3521530,0.9889461384999154,0.9781339809460118,0.994409962934536,0.9835420283568973,0.9937019806486674,0.9889461384999153,0.9977805071064938,0.9934221081221376,0.005590037065464011,0.5,0.75
HistoKit (no postprocessing),gaussian,TCGA-YL-A8SJ-01Z-00-DX2.36E46E11-79CA-4356-B68F-F387219B3D16.png,185982878,213203316,1674146,137059148,0.7283462853514218,0.5727552060449888,0.9910786925833376,0.5757234756817678,0.7420928278396933,0.7283462853514219,0.992208833888777,0.6086958721331898,0.008921307416662432,0.5,0.75
HistoKit (no postprocessing),gaussian,TCGA-DQ-7590-01Z-00-DX1.8319DF99-1663-48DE-BB6A-A156FBAC2EA1.png,10443299,212614599,111752,23037566,0.4743082442068424,0.31088078073821995,0.9894124623367523,0.3119184346043628,0.9059762813775531,0.4743082442068424,0.9994746678092551,0.9022391073725123,0.010587537663247671,0.5,2.25
HistoKit (no postprocessing),gaussian,TCGA-YL-A8SI-01Z-00-DX1.35E5FB1A-9AAC-4942-892B-E9D80F6BDA23.png,161121652,170255787,4218984,13055097,0.949121659852558,0.9031698757054912,0.9744830786788554,0.9250468442260339,0.9504545943181317,0.9491216598525581,0.9758189451929414,0.9287816592494311,0.02551692132114455,0.5,2.25
HistoKit (no postprocessing),gaussian,TCGA-G9-6378-01A-01-BS1.bc59e095-f3ab-4a6e-8cef-ea7fc76abec8.png,15096416,33191725,7194,4069365,0.8810437279145112,0.7873799449485539,0.9995236900317209,0.7876754931093076,0.9221506281903649,0.8810437279145112,0.9997833061974096,0.8907878164594756,0.0004763099682791068,0.5,2.25
HistoKit (no postprocessing),gaussian,TCGA-G9-7509-01Z-00-DX1.D75B78D5-F5B9-4684-9FE0-C7279122D66F.png,60479287,325044204,66407,37411302,0.7634524851861111,0.617406509689211,0.9989031920255138,0.617825345805203,0.9114004664762181,0.7634524851861111,0.9997957402872957,0.8967837392984727,0.001096807974486179,0.5,2.25
HistoKit (no postprocessing),gaussian,TCGA-BA-A6DF-01Z-00-DX1.AAA638F5-C794-441B-A034-30AD8CC72573.png,211117437,815543639,1107686,13132806,0.967373892986208,0.9368094476942056,0.9947806085144782,0.9414368260015664,0.9863190791158458,0.9673738929862081,0.9986436243154323,0.9841520703535865,0.005219391485521721,0.5,2.25
HistoKit (no postprocessing),gaussian,normal_004.png,17084822,1294845209,104695,3207258,0.9116378899223531,0.8376236929612647,0.9939093692975783,0.8419453303949127,0.997481867944994,0.9116378899223532,0.9999191513125901,0.997529176915774,0.006090630702421714,0.5,2.25
HistoKit (no postprocessing),gaussian,TCGA-YL-A8SL-01Z-00-DX2.F64D1539-E590-4B51-96B4-1F95CAE6E33A.png,292863804,299036840,4166481,39632075,0.9304261546149176,0.8699036150046593,0.9859728747861518,0.8808043121641216,0.9311017600777223,0.9304261546149176,0.986258458560881,0.8829769333864019,0.014027125213848144,0.5,2.25
HistoKit (no postprocessing),gaussian,tumor_031.png,37636706,1305349162,93643,8797097,0.8943642894423744,0.8089140762207322,0.9975180987591713,0.8105454123583201,0.9934234086547639,0.8943642894423744,0.9999282672518157,0.9933058463319797,0.002481901240828703,0.5,2.25
HistoKit (no postprocessing),gaussian,tumor_021.png,172711104,1108129410,585410,67321340,0.8357077366933483,0.7177817486477956,0.996621917045602,0.7195323312210244,0.9496519831309181,0.8357077366933483,0.9994719922657839,0.9427272133689991,0.0033780829543980325,0.5,2.25
HistoKit (no postprocessing),gaussian,TCGA-SR-A6MX-01Z-00-DX1.2642CBB2-65ED-48E9-BC30-D2F3F5D4D8B3.png,79241520,266680200,782034,7673774,0.9493478713834183,0.9035796392793176,0.9902274522823618,0.9117097389097021,0.9761389836208801,0.9493478713834183,0.9970760956105675,0.972029659756268,0.009772547717638235,0.5,2.25
HistoKit (no postprocessing),gaussian,TCGA-G9-6333-11A-01-TS1.924c9301-78b6-4330-be95-533b25cf1a91.png,9173531,71173718,288566,6149649,0.7402403451048782,0.5876044229774171,0.969502954788986,0.5986701846483563,0.9258145926373108,0.7402403451048781,0.9959619818476555,0.9204684270926795,0.030497045211014005,0.5,2.25
HistoKit (no postprocessing),gaussian,TCGA-FA-A82F-01Z-00-DX1.6D1B9A0A-FAA1-4E4D-9280-3D87F9929972.png,210467830,531839573,1180381,3503252,0.9889957220524775,0.9782309962726119,0.9944229105721096,0.9836274511150997,0.9937300010652337,0.9889957220524775,0.9977854844060866,0.9934560587414243,0.005577089427890322,0.5,2.25
HistoKit (no postprocessing),gaussian,TCGA-YL-A8SJ-01Z-00-DX2.36E46E11-79CA-4356-B68F-F387219B3D16.png,185976293,213206241,1671221,137065733,0.7283340598673707,0.5727400859626771,0.9910938281868206,0.5757030913371005,0.7420860238474944,0.7283340598673707,0.9922224462982535,0.6086876964926689,0.00890617181317947,0.5,2.25
HistoKit (no postprocessing),constant,TCGA-DQ-7590-01Z-00-DX1.8319DF99-1663-48DE-BB6A-A156FBAC2EA1.png,10445291,212615632,110719,23035574,0.47438838473438455,0.3109496414339973,0.9895112831458098,0.3119779312750731,0.9059885677761776,0.4743883847343846,0.9994795238132017,0.902247162698586,0.010488716854190172,0.75,
HistoKit (no postprocessing),constant,TCGA-YL-A8SI-01Z-00-DX1.35E5FB1A-9AAC-4942-892B-E9D80F6BDA23.png,161090744,170331016,4143755,13086005,0.949236331731705,0.9033775723289791,0.9749219743753391,0.9248693922975908,0.950581715519267,0.9492363317317052,0.976250119279423,0.9286543586377406,0.025078025624660865,0.75,
HistoKit (no postprocessing),constant,TCGA-G9-6378-01A-01-BS1.bc59e095-f3ab-4a6e-8cef-ea7fc76abec8.png,15074443,33191599,7320,4091338,0.880322571452131,0.7862287378551858,0.999514645602109,0.786529022741103,0.9217286072487764,0.880322571452131,0.9997795108931107,0.8902624543769178,0.0004853543978910158,0.75,
HistoKit (no postprocessing),constant,TCGA-G9-7509-01Z-00-DX1.D75B78D5-F5B9-4684-9FE0-C7279122D66F.png,60702633,325044009,66602,37187956,0.7651922392148878,0.6196853174362666,0.9989040177978216,0.6201069338749203,0.9119280087148689,0.7651922392148879,0.999795140491431,0.8973366251650375,0.0010959822021784542,0.75,
HistoKit (no postprocessing),constant,TCGA-BA-A6DF-01Z-00-DX1.AAA638F5-C794-441B-A034-30AD8CC72573.png,211152417,815544850,1106475,13097826,0.9674593270539459,0.9369697024075404,0.9947871441823978,0.9415928124546112,0.9863538480134175,0.9674593270539458,0.9986451072004322,0.9841936381273223,0.005212855817602214,0.75,
HistoKit (no postprocessing),constant,normal_004.png,17085646,1294844258,105646,3206434,0.9116386860819246,0.8376250372222864,0.9938546794505032,0.8419859373706392,0.9974817713848161,0.9116386860819246,0.9999184169212464,0.997529808335097,0.006145320549496803,0.75,
HistoKit (no postprocessing),constant,TCGA-YL-A8SL-01Z-00-DX2.F64D1539-E590-4B51-96B4-1F95CAE6E33A.png,293499504,299330503,3872818,38996375,0.9319394233080199,0.8725529652956976,0.9869765350925969,0.8827162155594717,0.9325637140962266,0.9319394233080199,0.987226993466869,0.8847375791408449,0.013023464907403184,0.75,
HistoKit (no postprocessing),constant,tumor_031.png,37642032,1305348158,94647,8791771,0.8944235818918086,0.8090110889144169,0.9974919096616849,0.8106601132799741,0.9934266056921076,0.8944235818918086,0.9999274981641191,0.9933098669281816,0.0025080903383151443,0.75,
HistoKit (no postprocessing),constant,tumor_021.png,172601739,1108131581,583239,67430705,0.8354039777151506,0.7173337034726868,0.9966322771943881,0.7190767053140533,0.9495725064173327,0.8354039777151506,0.9994739503887934,0.9426396152691819,0.003367722805611928,0.75,
HistoKit (no postprocessing),constant,TCGA-SR-A6MX-01Z-00-DX1.2642CBB2-65ED-48E9-BC30-D2F3F5D4D8B3.png,79142494,266665870,796364,7772800,0.9486427883436788,0.9023030211103751,0.9900378361672367,0.9105703997273483,0.9758191100650152,0.9486427883436788,0.9970225179529458,0.9716774607601764,0.009962163832763285,0.75,
HistoKit (no postprocessing),constant,TCGA-G9-6333-11A-01-TS1.924c9301-78b6-4330-be95-533b25cf1a91.png,9176013,71184396,277888,6147167,0.7406855553323655,0.5881656948101245,0.9706059964029663,0.5988321614703997,0.9259662309347104,0.7406855553323655,0.9961114033243046,0.9205089518234618,0.029394003597033647,0.75,
HistoKit (no postprocessing),constant,TCGA-FA-A82F-01Z-00-DX1.6D1B9A0A-FAA1-4E4D-9280-3D87F9929972.png,210806666,531840277,1179677,3164416,0.989801579347983,0.9798090742501169,0.9944351273610111,0.9852110108972576,0.9941845446723674,0.989801579347983,0.9977868051821565,0.9940852556222344,0.005564872638988824,0.75,
HistoKit (no postprocessing),constant,TCGA-YL-A8SJ-01Z-00-DX2.36E46E11-79CA-4356-B68F-F387219B3D16.png,186090321,213118688,1758774,136951705,0.7284930716186786,0.5729367692444107,0.9906373038422144,0.5760560732738842,0.7421352412500809,0.7284930716186786,0.9918149908155561,0.6087880959416068,0.009362696157785589,0.75,
HistoKit (no postprocessing),gaussian,TCGA-DQ-7590-01Z-00-DX1.8319DF99-1663-48DE-BB6A-A156FBAC2EA1.png,10526349,212619272,107079,22954516,0.47723076962833794,0.3133966461299328,0.9899299642598793,0.31439895594095313,0.9063325788144243,0.477230769628338,0.999496634998454,0.9025591251264339,0.010070035740120683,0.9,1.75
HistoKit (no postprocessing),gaussian,TCGA-YL-A8SI-01Z-00-DX1.35E5FB1A-9AAC-4942-892B-E9D80F6BDA23.png,161297798,170359639,4115132,12878951,0.9499570097358583,0.9046839210810727,0.9751220657296863,0.9260581502758443,0.9512576827429291,0.9499570097358584,0.9764141716512126,0.9297148542782391,0.024877934270313692,0.9,1.75
HistoKit (no postprocessing),gaussian,TCGA-G9-6378-01A-01-BS1.bc59e095-f3ab-4a6e-8cef-ea7fc76abec8.png,15098772,33191725,7194,4067009,0.8811206501962098,0.7875028262437103,0.9995237643193424,0.7877984205287538,0.9221956203320175,0.8811206501962098,0.9997833061974096,0.8908441440871286,0.00047623568065756274,0.9,1.75
HistoKit (no postprocessing),gaussian,TCGA-G9-7509-01Z-00-DX1.D75B78D5-F5B9-4684-9FE0-C7279122D66F.png,60746302,325043956,66655,37144287,0.7655317544070502,0.620130778689527,0.9989039342388827,0.6205530339591684,0.912031119533467,0.7655317544070501,0.999794977469991,0.8974448019285927,0.0010960657611173224,0.9,1.75
HistoKit (no postprocessing),gaussian,TCGA-BA-A6DF-01Z-00-DX1.AAA638F5-C794-441B-A034-30AD8CC72573.png,211152224,815544260,1107065,13098019,0.9674575628740222,0.9369663929425355,0.9947843743130601,0.9415919518089441,0.9863530957809067,0.9674575628740222,0.9986443847378806,0.9841933976434238,0.0052156256869399014,0.9,1.75
HistoKit (no postprocessing),gaussian,normal_004.png,17087358,1294843728,106176,3204722,0.9116755030343107,0.8376872022784693,0.9938246552453963,0.8420703052619544,0.9974826700787557,0.9116755030343107,0.9999180076390044,0.9975311229715655,0.006175344754603678,0.9,1.75
HistoKit (no postprocessing),gaussian,TCGA-YL-A8SL-01Z-00-DX2.F64D1539-E590-4B51-96B4-1F95CAE6E33A.png,293334786,299333677,3869644,39161093,0.9316647357719495,0.872071499432479,0.9869798576017188,0.8822208169383056,0.9323095939085656,0.9316647357719495,0.9872374616899398,0.8843081297829211,0.01302014239828121,0.9,1.75
HistoKit (no postprocessing),gaussian,tumor_031.png,37651316,1305347248,95557,8782487,0.8945358433567343,0.8091947965757534,0.9974684790446086,0.8108600538275963,0.9934328000444254,0.8945358433567343,0.9999268010826411,0.9933168797828017,0.002531520955391457,0.9,1.75
HistoKit (no postprocessing),gaussian,tumor_021.png,172573549,1108129804,585016,67458895,0.8353209302286633,0.7172112489259923,0.9966215012234596,0.7189592628569828,0.9495502880219374,0.8353209302286633,0.9994723476321892,0.9426169245609599,0.00337849877654045,0.9,1.75
HistoKit (no postprocessing),gaussian,TCGA-SR-A6MX-01Z-00-DX1.2642CBB2-65ED-48E9-BC30-D2F3F5D4D8B3.png,79397014,266668749,793485,7518280,0.950260461646593,0.9052345147798717,0.9901049998454305,0.9134987681224435,0.9765454512680047,0.950260461646593,0.9970332820894632,0.9725797386279713,0.009895000154569433,0.9,1.75
HistoKit (no postprocessing),gaussian,TCGA-G9-6333-11A-01-TS1.924c9301-78b6-4330-be95-533b25cf1a91.png,9182935,71172829,289455,6140245,0.7406915832142597,0.5881732968201716,0.969442242137412,0.5992838953794186,0.9259127081466085,0.7406915832142597,0.9959495417190976,0.9205794740485936,0.030557757862588006,0.9,1.75
HistoKit (no postprocessing),gaussian,TCGA-FA-A82F-01Z-00-DX1.6D1B9A0A-FAA1-4E4D-9280-3D87F9929972.png,210889203,531850617,1169337,3081879,0.9900213135883776,0.9802398079367876,0.9944857820863994,0.9855967499383865,0.9943088794977186,0.9900213135883776,0.9978062040806825,0.9942387515751147,0.00551421791360065,0.9,1.75
HistoKit (no postprocessing),constant,TCGA-DQ-7590-01Z-00-DX1.8319DF99-1663-48DE-BB6A-A156FBAC2EA1.png,10448245,212613573,112778,23032620,0.47446853322909316,0.3110185162115344,0.9893212996506116,0.31206616077571475,0.9059922029255227,0.47446853322909327,0.999469844711434,0.9022576189041169,0.010678700349388502,0.5,
HistoKit (no postprocessing),gaussian,TCGA-YL-A8SJ-01Z-00-DX2.36E46E11-79CA-4356-B68F-F387219B3D16.png,185905358,213248613,1628849,137136668,0.7282178291287601,0.5725963500729777,0.991314389912876,0.5754835069044546,0.7420329248231289,0.7282178291287601,0.9924196377561458,0.6086117898314342,0.008685610087123999,0.9,1.75
HistoKit (no postprocessing),constant,TCGA-YL-A8SI-01Z-00-DX1.35E5FB1A-9AAC-4942-892B-E9D80F6BDA23.png,161122108,170483400,3991371,13054641,0.9497597909009039,0.9043262509589257,0.975826498089838,0.9250494622562969,0.9511087403261572,0.9497597909009039,0.9771235062976527,0.9288722875711635,0.02417350191016204,0.5,
HistoKit (no postprocessing),constant,TCGA-G9-6378-01A-01-BS1.bc59e095-f3ab-4a6e-8cef-ea7fc76abec8.png,15100475,33191726,7193,4065306,0.8811762714630792,0.7875916902615108,0.9995238841626649,0.7878872768085997,0.922228161337695,0.8811762714630792,0.9997833363188723,0.8908848670500645,0.000476115837335054,0.5,
HistoKit (no postprocessing),constant,TCGA-G9-7509-01Z-00-DX1.D75B78D5-F5B9-4684-9FE0-C7279122D66F.png,60477798,325044154,66457,37412791,0.7634406229478157,0.6173909940077205,0.9989023401146814,0.6178101349456586,0.9113968281886671,0.7634406229478157,0.9997955864934842,0.8967800410059739,0.0010976598853185988,0.5,
HistoKit (no postprocessing),constant,TCGA-BA-A6DF-01Z-00-DX1.AAA638F5-C794-441B-A034-30AD8CC72573.png,211117946,815542245,1109080,13132297,0.9673720076359807,0.9368059115087065,0.9947740868780774,0.9414390957872898,0.9863182288913604,0.9673720076359807,0.9986419173445901,0.9841526481936982,0.005225913121922558,0.5,
HistoKit (no postprocessing),constant,normal_004.png,17085606,1294845116,104788,3206474,0.9116583926663966,0.8376583110701113,0.9939042700242938,0.8419839661582252,0.9974823933236,0.9116583926663966,0.99991907949514,0.9975297792285744,0.006095729975706199,0.5,
HistoKit (no postprocessing),constant,TCGA-YL-A8SL-01Z-00-DX2.F64D1539-E590-4B51-96B4-1F95CAE6E33A.png,293874625,299003126,4200195,38621254,0.9320909628882074,0.872818686326589,0.9859089238064457,0.8838444130009804,0.9326388187998349,0.9320909628882074,0.9861472658473949,0.8856088117807133,0.014091076193554356,0.5,
HistoKit (no postprocessing),constant,tumor_031.png,37640974,1305349130,93675,8792829,0.8944200138075487,0.8090052506177102,0.9975175335538433,0.8106373281550943,0.9934265420768342,0.8944200138075488,0.9999282427390604,0.9933090721745991,0.0024824664461566876,0.5,
HistoKit (no postprocessing),constant,tumor_021.png,172557467,1108130068,584752,67474977,0.835276131150375,0.7171451993813442,0.9966227070244491,0.7188922635808349,0.9495385601019466,0.8352761311503751,0.9994725857457195,0.9426040426697897,0.0033772929755509257,0.5,
HistoKit (no postprocessing),constant,TCGA-SR-A6MX-01Z-00-DX1.2642CBB2-65ED-48E9-BC30-D2F3F5D4D8B3.png,79690224,266658960,803274,7225070,0.9520434745147675,0.9084761164819745,0.9900206349586149,0.9168722825697396,0.9773452226349973,0.9520434745147673,0.996996682529766,0.9736199660856458,0.009979365041385082,0.5,
HistoKit (no postprocessing),constant,TCGA-G9-6333-11A-01-TS1.924c9301-78b6-4330-be95-533b25cf1a91.png,8930559,71182863,279421,6392621,0.7280398448467299,0.572376298028771,0.9696610633247846,0.5828136848878627,0.9231202819863935,0.7280398448467299,0.9960899514490749,0.9175948293148902,0.030338936675215363,0.5,
HistoKit (no postprocessing),constant,TCGA-FA-A82F-01Z-00-DX1.6D1B9A0A-FAA1-4E4D-9280-3D87F9929972.png,210511703,531855382,1164572,3459379,0.9891366622534907,0.9785068122646002,0.9944983347803149,0.9838324928412523,0.9938098976063214,0.9891366622534907,0.9978151437084849,0.9935376730625965,0.005501665219685106,0.5,
HistoKit (no postprocessing),constant,TCGA-YL-A8SJ-01Z-00-DX2.36E46E11-79CA-4356-B68F-F387219B3D16.png,185988871,213203650,1673812,137053155,0.7283616842467767,0.5727742513132359,0.9910807413959866,0.5757420274475371,0.742104589822929,0.7283616842467767,0.9922103882630557,0.6087066602460444,0.008919258604013457,0.5,
HistoKit (no postprocessing),gaussian,TCGA-DQ-7590-01Z-00-DX1.8319DF99-1663-48DE-BB6A-A156FBAC2EA1.png,10444211,212615507,110844,23036654,0.4743496218541591,0.3109163335512343,0.989498491481096,0.3119456740439651,0.9059836735248247,0.474349621854159,0.999478936203818,0.9022429758240155,0.010501508518903975,0.75,2.25
HistoKit (no postprocessing),gaussian,TCGA-YL-A8SI-01Z-00-DX1.35E5FB1A-9AAC-4942-892B-E9D80F6BDA23.png,161080418,170316931,4157840,13096331,0.949164973132729,0.9032483204926668,0.9748373043245228,0.9248101076912395,0.9505117000493788,0.949164973132729,0.9761693912754871,0.9285965973387464,0.025162695675477284,0.75,2.25
HistoKit (no postprocessing),gaussian,TCGA-G9-6378-01A-01-BS1.bc59e095-f3ab-4a6e-8cef-ea7fc76abec8.png,15068081,33191604,7315,4097700,0.8801146642827143,0.7858971237613372,0.9995147722819354,0.7861970769675392,0.9216072086730183,0.8801146642827143,0.9997796615004242,0.8901105796986718,0.0004852277180645868,0.75,2.25
HistoKit (no postprocessing),gaussian,TCGA-G9-7509-01Z-00-DX1.D75B78D5-F5B9-4684-9FE0-C7279122D66F.png,60699733,325044087,66524,37190856,0.7651700450417375,0.6196562060786744,0.9989052476936336,0.6200773089637861,0.9119213373389957,0.7651700450417375,0.9997953804097769,0.8973294633256848,0.001094752306366344,0.75,2.25
HistoKit (no postprocessing),gaussian,TCGA-BA-A6DF-01Z-00-DX1.AAA638F5-C794-441B-A034-30AD8CC72573.png,211149979,815544907,1106418,13100264,0.9674536863860765,0.9369591209908812,0.9947873514502369,0.9415819406715202,0.9863515605733049,0.9674536863860765,0.9986451769976618,0.9841907435673695,0.005212648549763143,0.75,2.25
HistoKit (no postprocessing),gaussian,normal_004.png,17085581,1294844286,105618,3206499,0.9116374797413002,0.8376230003993588,0.9938562749462676,0.8419827341504665,0.9974817432531108,0.9116374797413002,0.9999184385437044,0.9975297584369937,0.006143725053732436,0.75,2.25
HistoKit (no postprocessing),gaussian,TCGA-YL-A8SL-01Z-00-DX2.F64D1539-E590-4B51-96B4-1F95CAE6E33A.png,293295017,299323524,3879797,39200862,0.9315822389720145,0.8719269493196053,0.9869443949580465,0.8821012094408545,0.9322310630562379,0.9315822389720145,0.9872039759089578,0.8842007736482536,0.013055605041953522,0.75,2.25
HistoKit (no postprocessing),gaussian,tumor_031.png,37641695,1305348184,94621,8792108,0.8944194316750342,0.809004298103886,0.9974925745268828,0.8106528556362269,0.993426375641526,0.8944194316750342,0.9999275180807328,0.9933096123347537,0.002507425473117196,0.75,2.25
HistoKit (no postprocessing),gaussian,tumor_021.png,172630531,1108131998,582822,67401913,0.8354859613974489,0.7174546065585049,0.9966352363146045,0.7191966557654181,0.9495941628097345,0.8354859613974489,0.9994743264999381,0.942662723406539,0.003364763685395548,0.75,2.25
HistoKit (no postprocessing),gaussian,TCGA-SR-A6MX-01Z-00-DX1.2642CBB2-65ED-48E9-BC30-D2F3F5D4D8B3.png,79115260,266667991,794243,7800034,0.94848321619717,0.902014338531966,0.990060719061161,0.9102570601671094,0.975748244962079,0.9484832161971701,0.9970304480444891,0.9715812652493856,0.009939280938839026,0.75,2.25
HistoKit (no postprocessing),gaussian,TCGA-G9-6333-11A-01-TS1.924c9301-78b6-4330-be95-533b25cf1a91.png,9210291,71183854,278430,6112889,0.7424091366477724,0.590342342873588,0.9706567407767601,0.6010691644945761,0.9263549596278012,0.7424091366477723,0.9961038189039689,0.9209166031743408,0.029343259223239885,0.75,2.25
HistoKit (no postprocessing),gaussian,TCGA-FA-A82F-01Z-00-DX1.6D1B9A0A-FAA1-4E4D-9280-3D87F9929972.png,210799381,531843838,1176116,3171701,0.9897925767822636,0.9797914309811276,0.9944516417385733,0.9851769642404294,0.9941795593381123,0.9897925767822636,0.997793485982703,0.9940717591008137,0.0055483582614267914,0.75,2.25
HistoKit (no postprocessing),gaussian,TCGA-YL-A8SJ-01Z-00-DX2.36E46E11-79CA-4356-B68F-F387219B3D16.png,186072674,213120035,1757427,136969352,0.7284510708880385,0.5728848133251012,0.9906435284299826,0.5760014457066338,0.7421049393176103,0.7284510708880384,0.9918212595046381,0.6087589139056078,0.009356471570017417,0.75,2.25
HistoKit (no postprocessing),constant,TCGA-DQ-7590-01Z-00-DX1.8319DF99-1663-48DE-BB6A-A156FBAC2EA1.png,10527216,212619167,107184,22953649,0.4772595608345547,0.3134214791695701,0.9899210110584519,0.3144248513292593,0.9063356737683919,0.47725956083455473,0.9994961414065717,0.9025624034650925,0.010078988941548184,0.9,
HistoKit (no postprocessing),constant,TCGA-YL-A8SI-01Z-00-DX1.35E5FB1A-9AAC-4942-892B-E9D80F6BDA23.png,161310685,170359961,4114810,12866064,0.9499977567874964,0.904757835450864,0.9751259018448154,0.9261321383372473,0.951295568709983,0.9499977567874964,0.9764160171902446,0.9297803682637332,0.024874098155184605,0.9,
HistoKit (no postprocessing),constant,TCGA-G9-6378-01A-01-BS1.bc59e095-f3ab-4a6e-8cef-ea7fc76abec8.png,15098970,33191727,7192,4066811,0.8811271657402091,0.7875132354278077,0.999523902894726,0.7878087514409144,0.9221994396988811,0.8811271657402092,0.999783366440335,0.8908488840866489,0.0004760971052739935,0.9,
HistoKit (no postprocessing),constant,TCGA-G9-7509-01Z-00-DX1.D75B78D5-F5B9-4684-9FE0-C7279122D66F.png,60750843,325043920,66691,37139746,0.7655669017016854,0.6201769077295736,0.9989034247919358,0.62059942248381,0.9120417696214573,0.7655669017016854,0.9997948667384468,0.8974560437521222,0.0010965752080641744,0.9,
HistoKit (no postprocessing),constant,TCGA-BA-A6DF-01Z-00-DX1.AAA638F5-C794-441B-A034-30AD8CC72573.png,211153101,815544199,1107126,13097142,0.9674595021741403,0.9369700309200895,0.9947841099783616,0.9415958626185301,0.9863538797167034,0.9674595021741403,0.9986443100425999,0.9841944381097443,0.005215890021638392,0.9,
HistoKit (no postprocessing),constant,normal_004.png,17087373,1294843696,106208,3204707,0.9116751602699497,0.8376866235048746,0.9938228109664881,0.8420710444666096,0.9974826571533775,0.9116751602699497,0.9999179829276238,0.9975311344379814,0.006177189033511984,0.9,
HistoKit (no postprocessing),constant,TCGA-YL-A8SL-01Z-00-DX2.F64D1539-E590-4B51-96B4-1F95CAE6E33A.png,293504154,299334294,3869027,38991725,0.9319529173253882,0.8725766236742902,0.986989321004035,0.8827302006952092,0.932576992388853,0.9319529173253883,0.9872394966280729,0.8847510306323795,0.013010678995965006,0.9,
HistoKit (no postprocessing),constant,tumor_031.png,37652032,1305347227,95578,8781771,0.8945450226643261,0.8092098194901841,0.9974679721444616,0.8108754736285546,0.9934333141445998,0.8945450226643261,0.9999267849961454,0.9933174208822991,0.0025320278555384036,0.9,
HistoKit (no postprocessing),constant,tumor_021.png,172572971,1108129491,585329,67459473,0.8353186682226357,0.7172079138144131,0.9966196884584799,0.7189568548491719,0.9495496274089198,0.8353186682226358,0.9994720653233444,0.9426164458277443,0.0033803115415201005,0.9,
HistoKit (no postprocessing),constant,TCGA-SR-A6MX-01Z-00-DX1.2642CBB2-65ED-48E9-BC30-D2F3F5D4D8B3.png,79423628,266668161,794073,7491666,0.9504242773846062,0.9055318800784413,0.9901010252088875,0.9138049743006105,0.9766188927194052,0.9504242773846062,0.9970310836482432,0.9726740927656042,0.0098989747911125,0.9,
HistoKit (no postprocessing),constant,TCGA-G9-6333-11A-01-TS1.924c9301-78b6-4330-be95-533b25cf1a91.png,9181394,71172323,289961,6141786,0.7405982003695573,0.5880555360385203,0.9693854786353167,0.5991833287868445,0.9258891212473094,0.7405982003695574,0.9959424610609983,0.9205606055681247,0.0306145213646833,0.9,
HistoKit (no postprocessing),constant,TCGA-FA-A82F-01Z-00-DX1.6D1B9A0A-FAA1-4E4D-9280-3D87F9929972.png,210900429,531851666,1168288,3070653,0.9900503638158932,0.980296767625563,0.9944909932189574,0.9856492149719559,0.9943253120911614,0.9900503638158932,0.9978081721120707,0.994259628190986,0.005509006781042581,0.9,
HistoKit (no postprocessing),constant,TCGA-YL-A8SJ-01Z-00-DX2.36E46E11-79CA-4356-B68F-F387219B3D16.png,185909638,213249904,1627558,137132388,0.7282303313157542,0.572611809549736,0.9913214123133205,0.5754967559545953,0.7420432813915825,0.7282303313157543,0.9924256458315763,0.6086206662521633,0.0086785876866795,0.9,
HistoKit (no postprocessing),gaussian,TCGA-DQ-7590-01Z-00-DX1.8319DF99-1663-48DE-BB6A-A156FBAC2EA1.png,10441981,212615541,110810,23038884,0.4742727244814739,0.31085026275111316,0.9894994603797233,0.31187906883528843,0.9059747542086662,0.4742727244814739,0.9994790960335703,0.9022344519946952,0.010500539620276758,0.75,0.75
HistoKit (no postprocessing),gaussian,TCGA-YL-A8SI-01Z-00-DX1.35E5FB1A-9AAC-4942-892B-E9D80F6BDA23.png,160910616,170321513,4153258,13266133,0.9486518128461284,0.9023193499902683,0.9748384797996441,0.9238352244133343,0.9500378171304115,0.9486518128461284,0.9761956529520248,0.9277395114048143,0.025161520200355895,0.75,0.75
HistoKit (no postprocessing),gaussian,TCGA-G9-6378-01A-01-BS1.bc59e095-f3ab-4a6e-8cef-ea7fc76abec8.png,15067716,33191631,7288,4098065,0.8801034205261358,0.7858791933623146,0.9995165507087096,0.7861780326092633,0.9216007539430189,0.8801034205261357,0.9997804747799168,0.890101946661083,0.00048344929129040363,0.75,0.75
HistoKit (no postprocessing),gaussian,TCGA-G9-7509-01Z-00-DX1.D75B78D5-F5B9-4684-9FE0-C7279122D66F.png,60679922,325044198,66413,37210667,0.7650163715983298,0.6194546664464068,0.9989067159360314,0.6198749299587931,0.9118747653670959,0.7650163715983299,0.9997957218320382,0.897280421616974,0.0010932840639686328,0.75,0.75
HistoKit (no postprocessing),gaussian,TCGA-BA-A6DF-01Z-00-DX1.AAA638F5-C794-441B-A034-30AD8CC72573.png,211144338,815545520,1105805,13105905,0.9674417011855747,0.936936638150488,0.9947900859600363,0.9415567857377974,0.9863467301453811,0.9674417011855746,0.9986459276240077,0.9841840554368201,0.0052099140399636855,0.75,0.75
HistoKit (no postprocessing),gaussian,normal_004.png,17085265,1294844494,105410,3206815,0.9116333631292577,0.8376160498178943,0.9938681872584991,0.8419671615723967,0.9974816611389437,0.9116333631292577,0.9999185991676787,0.9975295159923451,0.006131812741500843,0.75,0.75
HistoKit (no postprocessing),gaussian,TCGA-YL-A8SL-01Z-00-DX2.F64D1539-E590-4B51-96B4-1F95CAE6E33A.png,293146175,299361403,3841918,39349704,0.9313856683868037,0.871582610145954,0.9870637305314459,0.8816535587798969,0.9320565103747182,0.9313856683868037,0.9873289052793719,0.883825173763788,0.012936269468554081,0.75,0.75
HistoKit (no postprocessing),gaussian,tumor_031.png,37639081,1305348306,94499,8794722,0.8943863919352227,0.8089502385021486,0.997495625911986,0.810596560441108,0.9934245322780229,0.8943863919352226,0.9999276115356123,0.9933076371349131,0.0025043740880139123,0.75,0.75
HistoKit (no postprocessing),gaussian,tumor_021.png,172623952,1108133369,581451,67408492,0.8354701935130351,0.7174313520006814,0.996642997331902,0.7191692469706303,0.9495903014487969,0.8354701935130351,0.9994755630667947,0.9426575146012601,0.0033570026680980617,0.75,0.75
HistoKit (no postprocessing),gaussian,TCGA-SR-A6MX-01Z-00-DX1.2642CBB2-65ED-48E9-BC30-D2F3F5D4D8B3.png,79078711,266670397,791837,7836583,0.9482664721625472,0.9016223663729236,0.990085995153057,0.9098365472939665,0.9756518985594369,0.9482664721625472,0.9970394437070319,0.9714521539670867,0.00991400484694308,0.75,0.75
HistoKit (no postprocessing),gaussian,TCGA-G9-6333-11A-01-TS1.924c9301-78b6-4330-be95-533b25cf1a91.png,9223997,71181674,280610,6099183,0.7430381934563882,0.5911382426961654,0.9704764226443029,0.6019636263490998,0.9264877698873627,0.7430381934563882,0.996073313301881,0.9210776997465232,0.029523577355697085,0.75,0.75
HistoKit (no postprocessing),gaussian,TCGA-FA-A82F-01Z-00-DX1.6D1B9A0A-FAA1-4E4D-9280-3D87F9929972.png,210733127,531838059,1181895,3237955,0.9896219905780256,0.9794571747896381,0.9944227880173592,0.9848673242676784,0.9940831284620663,0.9896219905780256,0.9977826439870955,0.9939486074589768,0.005577211982640853,0.75,0.75
HistoKit (no postprocessing),gaussian,TCGA-YL-A8SJ-01Z-00-DX2.36E46E11-79CA-4356-B68F-F387219B3D16.png,185965289,213120454,1757008,137076737,0.7281843332663624,0.5725549325371454,0.9906403872737611,0.5756690276577203,0.7419060879980611,0.7281843332663624,0.9918232094532092,0.6085727112528438,0.009359612726238907,0.75,0.75
HistoKit (no postprocessing),gaussian,TCGA-DQ-7590-01Z-00-DX1.8319DF99-1663-48DE-BB6A-A156FBAC2EA1.png,10442523,212614825,111526,23038342,0.47428379217454586,0.310859771785819,0.9894328707399407,0.3118952571864556,0.9059740474868941,0.47428379217454586,0.9994757302070207,0.9022362300779093,0.010567129260059338,0.5,1.25
HistoKit (no postprocessing),gaussian,TCGA-YL-A8SI-01Z-00-DX1.35E5FB1A-9AAC-4942-892B-E9D80F6BDA23.png,161127846,170244852,4229919,13048903,0.9491102633530799,0.9031492365520778,0.9744195925725049,0.9250824058037735,0.9504409962130669,0.94911026335308,0.9757562713751893,0.92880879656811,0.025580407427495164,0.5,1.25
HistoKit (no postprocessing),gaussian,TCGA-G9-6378-01A-01-BS1.bc59e095-f3ab-4a6e-8cef-ea7fc76abec8.png,15098440,33191726,7193,4067341,0.8811098369037239,0.7874855512764999,0.9995238200213126,0.7877810979891714,0.9221892992798584,0.881109836903724,0.9997833363188723,0.8908362090763035,0.0004761799786874208,0.5,1.25
HistoKit (no postprocessing),gaussian,TCGA-G9-7509-01Z-00-DX1.D75B78D5-F5B9-4684-9FE0-C7279122D66F.png,60480539,325044222,66389,37410050,0.7634623433286953,0.6174194042613279,0.9989035116694938,0.6178381355944237,0.9114034688317669,0.7634623433286953,0.9997957956530678,0.8967868421205972,0.001096488330506215,0.5,1.25
HistoKit (no postprocessing),gaussian,TCGA-BA-A6DF-01Z-00-DX1.AAA638F5-C794-441B-A034-30AD8CC72573.png,211116756,815543676,1107649,13133487,0.9673723638583471,0.9368065796426601,0.9947807651999307,0.9414337892155595,0.986318460421418,0.9673723638583471,0.9986436696224059,0.9841512622932026,0.005219234800069294,0.5,1.25
HistoKit (no postprocessing),gaussian,normal_004.png,17084749,1294845219,104685,3207331,0.9116360134225101,0.8376205246273122,0.993909921641399,0.8419417329322573,0.9974818200450632,0.91163601342251,0.9999191590348966,0.9975291208356704,0.006090078358600987,0.5,1.25
HistoKit (no postprocessing),gaussian,TCGA-YL-A8SL-01Z-00-DX2.F64D1539-E590-4B51-96B4-1F95CAE6E33A.png,292857740,299037483,4165838,39638139,0.930416802033809,0.8698872643128592,0.9859747228551667,0.8807860743440974,0.9310932324596287,0.930416802033809,0.9862605792500538,0.8829613458272471,0.014025277144833263,0.5,1.25
HistoKit (no postprocessing),gaussian,tumor_031.png,37635767,1305349133,93672,8798036,0.8943516458170658,0.8088933904107197,0.9975172702673899,0.8105251900215884,0.993422692613082,0.8943516458170658,0.9999282450371313,0.9933051364355981,0.0024827297326101244,0.5,1.25
HistoKit (no postprocessing),gaussian,tumor_021.png,172710654,1108129970,584850,67321790,0.8357076013645223,0.7177815489854191,0.9966251288319632,0.7195304564744589,0.9496520646880808,0.8357076013645223,0.9994724973550908,0.94272687974877,0.0033748711680367657,0.5,1.25
HistoKit (no postprocessing),gaussian,TCGA-SR-A6MX-01Z-00-DX1.2642CBB2-65ED-48E9-BC30-D2F3F5D4D8B3.png,79207678,266680788,781446,7707616,0.9491381827891459,0.9031997996732832,0.9902305968496418,0.9113203713031218,0.9760451458423176,0.9491381827891459,0.9970782940517875,0.9719098333324611,0.009769403150358291,0.5,1.25
HistoKit (no postprocessing),gaussian,TCGA-G9-6333-11A-01-TS1.924c9301-78b6-4330-be95-533b25cf1a91.png,9196040,71173295,288989,6127140,0.7413707293420496,0.5890302622268565,0.9695320910457944,0.6001391356102324,0.9260690822601352,0.7413707293420497,0.9959560626413788,0.9207360217313136,0.030467908954205623,0.5,1.25
HistoKit (no postprocessing),gaussian,TCGA-FA-A82F-01Z-00-DX1.6D1B9A0A-FAA1-4E4D-9280-3D87F9929972.png,210461684,531836449,1183505,3509398,0.9889738637365205,0.9781882270536951,0.9944080703861404,0.9835987276074998,0.993717591277762,0.9889738637365205,0.9977796234622767,0.9934446152526144,0.005591929613859543,0.5,1.25
HistoKit (no postprocessing),gaussian,TCGA-YL-A8SJ-01Z-00-DX2.36E46E11-79CA-4356-B68F-F387219B3D16.png,185989077,213204278,1673184,137052949,0.7283630928283161,0.5727759934620864,0.9910840677764188,0.5757426651354645,0.7421061402408236,0.7283630928283161,0.9922133108590049,0.6087077198267203,0.00891593222358117,0.5,1.25
HistoKit (no postprocessing),gaussian,TCGA-DQ-7590-01Z-00-DX1.8319DF99-1663-48DE-BB6A-A156FBAC2EA1.png,10523920,212619572,106779,22956945,0.47715016407035576,0.31332712708280464,0.9899555993448784,0.3143264070387668,0.9063239316267644,0.4771501640703558,0.9994980452609747,0.9025499430403753,0.01004440065512155,0.9,0.75
HistoKit (no postprocessing),gaussian,TCGA-YL-A8SI-01Z-00-DX1.35E5FB1A-9AAC-4942-892B-E9D80F6BDA23.png,161112914,170355790,4118981,13063835,0.9493742534147127,0.9036274396476012,0.9750715138865895,0.9249966767952478,0.9507163599917763,0.9493742534147127,0.9763921111551424,0.9287762419097738,0.02492848611341049,0.9,0.75
HistoKit (no postprocessing),gaussian,TCGA-G9-6378-01A-01-BS1.bc59e095-f3ab-4a6e-8cef-ea7fc76abec8.png,15099199,33191729,7190,4066582,0.881134693251113,0.7875252614735608,0.9995240424432338,0.7878206998191203,0.9222038510676085,0.881134693251113,0.9997834266832604,0.8908543653522029,0.00047595755676621326,0.9,0.75
HistoKit (no postprocessing),gaussian,TCGA-G9-7509-01Z-00-DX1.D75B78D5-F5B9-4684-9FE0-C7279122D66F.png,60721878,325044097,66514,37168711,0.765342424274832,0.6198823376799945,0.9989058108330946,0.6203035309144989,0.9119737130769369,0.765342424274832,0.9997954111685392,0.897384327171556,0.0010941891669054185,0.9,0.75
HistoKit (no postprocessing),gaussian,TCGA-BA-A6DF-01Z-00-DX1.AAA638F5-C794-441B-A034-30AD8CC72573.png,211147976,815544461,1106864,13102267,0.9674479598213522,0.936948378557238,0.9947852119650133,0.9415730086856584,0.9863492078052091,0.9674479598213522,0.9986446308649533,0.9841883560783214,0.005214788034986623,0.9,0.75
HistoKit (no postprocessing),gaussian,normal_004.png,17087238,1294843849,106055,3204842,0.9116749618577892,0.8376862884768632,0.9938316063129966,0.8420643916247127,0.997482670839072,0.9116749618577893,0.9999181010789124,0.9975310309834903,0.0061683936870034145,0.9,0.75
HistoKit (no postprocessing),gaussian,TCGA-YL-A8SL-01Z-00-DX2.F64D1539-E590-4B51-96B4-1F95CAE6E33A.png,293139782,299331016,3872305,39356097,0.9313298570712606,0.8714848667137912,0.9869624666150372,0.8816343314739248,0.9319986528219636,0.9313298570712607,0.9872286854008436,0.8837980676282773,0.013037533384962881,0.9,0.75
HistoKit (no postprocessing),gaussian,tumor_031.png,37648559,1305347381,95424,8785244,0.8945010504315236,0.8091378565132836,0.9974718089503166,0.8108006789794926,0.9934308590388746,0.8945010504315236,0.9999269029637802,0.9933147965183499,0.0025281910496833364,0.9,0.75
HistoKit (no postprocessing),gaussian,tumor_021.png,172576375,1108131058,583762,67456069,0.8353314310839478,0.7172267316026086,0.9966287737460037,0.7189710362654141,0.9495533130512434,0.8353314310839477,0.9994734786714585,0.942619251733266,0.0033712262539963224,0.9,0.75
HistoKit (no postprocessing),gaussian,TCGA-SR-A6MX-01Z-00-DX1.2642CBB2-65ED-48E9-BC30-D2F3F5D4D8B3.png,79308876,266670980,791254,7606418,0.9497191828223003,0.9042526220505224,0.9901216889410791,0.9124847003336375,0.9763030346551771,0.9497191828223003,0.9970416234540238,0.9722674268624935,0.009878311058920878,0.9,0.75
HistoKit (no postprocessing),gaussian,TCGA-G9-6333-11A-01-TS1.924c9301-78b6-4330-be95-533b25cf1a91.png,9196850,71172755,289529,6126330,0.7413956854291526,0.5890617701258635,0.9694795031908382,0.6001919967004238,0.9260721933802186,0.7413956854291525,0.995948506207834,0.9207451161938075,0.030520496809161853,0.9,0.75
HistoKit (no postprocessing),gaussian,TCGA-FA-A82F-01Z-00-DX1.6D1B9A0A-FAA1-4E4D-9280-3D87F9929972.png,210852722,531843824,1176130,3118360,0.9899190359968459,0.9800392951408545,0.9944529719002582,0.9854262549366367,0.994250948414326,0.9899190359968458,0.9977934597172698,0.9941708776932913,0.005547028099741822,0.9,0.75
HistoKit (no postprocessing),gaussian,TCGA-YL-A8SJ-01Z-00-DX2.36E46E11-79CA-4356-B68F-F387219B3D16.png,185853418,213252575,1624887,137188608,0.7280940903409389,0.5724433582796286,0.9913329331625864,0.5753227228707388,0.7419437330368667,0.7280940903409387,0.9924380761719905,0.6085260104831914,0.008667066837413534,0.9,0.75
HistoKit (no postprocessing),gaussian,TCGA-DQ-7590-01Z-00-DX1.8319DF99-1663-48DE-BB6A-A156FBAC2EA1.png,10431884,212611407,114944,23048981,0.473878292918959,0.31051146885613023,0.9891015573592363,0.31157749359223547,0.9059169533032696,0.47387829291895894,0.9994596626160339,0.9021940802371928,0.01089844264076365,0.25,1.25
HistoKit (no postprocessing),gaussian,TCGA-YL-A8SI-01Z-00-DX1.35E5FB1A-9AAC-4942-892B-E9D80F6BDA23.png,159861442,170022406,4452365,14315307,0.944554813517456,0.8949349768369785,0.9729032813414152,0.917811607564222,0.9461706864206414,0.944554813517456,0.974481324867307,0.9223419518066821,0.02709671865858479,0.25,1.25
HistoKit (no postprocessing),gaussian,TCGA-G9-6378-01A-01-BS1.bc59e095-f3ab-4a6e-8cef-ea7fc76abec8.png,15010850,33191743,7176,4154931,0.87824331561432,0.7829178357829729,0.9995221742191683,0.7832109737662138,0.9205169322081479,0.87824331561432,0.999783848383738,0.8887469604388332,0.0004778257808316486,0.25,1.25
HistoKit (no postprocessing),gaussian,TCGA-G9-7509-01Z-00-DX1.D75B78D5-F5B9-4684-9FE0-C7279122D66F.png,60520474,325045096,65515,37370115,0.7637781527564281,0.6178325957104215,0.9989186443750221,0.6182460910517149,0.9114999437353842,0.7637781527564281,0.9997984839688915,0.896885909129239,0.0010813556249779136,0.25,1.25
HistoKit (no postprocessing),gaussian,TCGA-BA-A6DF-01Z-00-DX1.AAA638F5-C794-441B-A034-30AD8CC72573.png,211138359,815543265,1108060,13111884,0.9674225595796194,0.9369007318092912,0.9947793701056507,0.941530123559331,0.9863388196951971,0.9674225595796194,0.9986431663476454,0.9841769112086939,0.00522062989434936,0.25,1.25
HistoKit (no postprocessing),gaussian,normal_004.png,17085213,1294845390,104514,3206867,0.9116536457273792,0.8376502959268591,0.9939199732491388,0.8419645989962586,0.997482302845953,0.9116536457273792,0.9999192910863369,0.9975294777365808,0.006080026750861139,0.25,1.25
HistoKit (no postprocessing),gaussian,TCGA-YL-A8SL-01Z-00-DX2.F64D1539-E590-4B51-96B4-1F95CAE6E33A.png,291136091,299355964,3847357,41359788,0.9279543674910584,0.8655922279346804,0.9869573800628977,0.8756081184392664,0.9288859495182628,0.9279543674910584,0.9873109668215013,0.8786091110926976,0.01304261993710237,0.25,1.25
HistoKit (no postprocessing),gaussian,tumor_031.png,37630019,1305349666,93139,8803784,0.8942817932791085,0.8087791155498678,0.9975309861385412,0.8104014008932243,0.9934188350124925,0.8942817932791086,0.9999286533277113,0.9933007945152829,0.002469013861458789,0.25,1.25
HistoKit (no postprocessing),gaussian,tumor_021.png,172359633,1108144604,570216,67672811,0.8347475589012191,0.7163662820685357,0.9967026166778183,0.718068066665188,0.9494026576946591,0.8347475589012191,0.9994856964210147,0.9424461569145921,0.0032973833221817015,0.25,1.25
HistoKit (no postprocessing),gaussian,TCGA-SR-A6MX-01Z-00-DX1.2642CBB2-65ED-48E9-BC30-D2F3F5D4D8B3.png,78906486,266669738,792496,8008808,0.9471755709576771,0.8996519693404657,0.990056384910914,0.9078550203143765,0.9751640459549681,0.9471755709576771,0.9970369798077735,0.9708429794877391,0.009943615089086082,0.25,1.25
HistoKit (no postprocessing),gaussian,TCGA-G9-6333-11A-01-TS1.924c9301-78b6-4330-be95-533b25cf1a91.png,9132422,71145054,317230,6190758,0.7372933381213742,0.583899143308903,0.9664294515819207,0.5959873864302319,0.9250106215944182,0.7372933381213742,0.9955608751603853,0.9199496605789825,0.03357054841807931,0.25,1.25
HistoKit (no postprocessing),gaussian,TCGA-FA-A82F-01Z-00-DX1.6D1B9A0A-FAA1-4E4D-9280-3D87F9929972.png,210073608,531847346,1172608,3897474,0.9880764916576842,0.9764339730344869,0.9944490934692056,0.9817850432704733,0.9932126601851217,0.9880764916576842,0.9978000673498238,0.992725129848199,0.0055509065307943785,0.25,1.25
HistoKit (no postprocessing),gaussian,TCGA-YL-A8SJ-01Z-00-DX2.36E46E11-79CA-4356-B68F-F387219B3D16.png,185578488,213223331,1654131,137463538,0.7273670750385804,0.5715450706735651,0.9911653695342476,0.5744716571335521,0.741378269232737,0.7273670750385804,0.9923019800001175,0.6080162955859063,0.008834630465752337,0.25,1.25
HistoKit (no postprocessing),gaussian,TCGA-DQ-7590-01Z-00-DX1.8319DF99-1663-48DE-BB6A-A156FBAC2EA1.png,10431226,212611399,114952,23049639,0.4738553983741311,0.31049180914397767,0.9891001270792129,0.31155784057550484,0.9059142482647625,0.473855398374131,0.9994596250090333,0.902191557859471,0.010899872920787038,0.25,0.75
HistoKit (no postprocessing),gaussian,TCGA-YL-A8SI-01Z-00-DX1.35E5FB1A-9AAC-4942-892B-E9D80F6BDA23.png,159878265,170017306,4457465,14298484,0.9445930352245596,0.8950036021654844,0.9728758621147087,0.9179081933605271,0.9462043102522542,0.9445930352245595,0.9744520942801524,0.9224239876572702,0.027124137885291288,0.25,0.75
HistoKit (no postprocessing),gaussian,TCGA-G9-6378-01A-01-BS1.bc59e095-f3ab-4a6e-8cef-ea7fc76abec8.png,15013658,33191713,7206,4152123,0.8783346830319266,0.7830630668033103,0.9995202672762366,0.7833574848841276,0.9205699832138826,0.8783346830319265,0.9997829447398573,0.8888136987319675,0.00047973272376342665,0.25,0.75
HistoKit (no postprocessing),gaussian,TCGA-G9-7509-01Z-00-DX1.D75B78D5-F5B9-4684-9FE0-C7279122D66F.png,60518083,325045108,65503,37372506,0.7637595589312896,0.6178082625019381,0.9989187995573586,0.6182216658232591,0.9114943196378639,0.7637595589312897,0.9997985208794061,0.8968799954629136,0.001081200442641345,0.25,0.75
HistoKit (no postprocessing),gaussian,TCGA-BA-A6DF-01Z-00-DX1.AAA638F5-C794-441B-A034-30AD8CC72573.png,211137677,815543377,1107948,13112566,0.9674211944659233,0.9368981711430228,0.994779878266042,0.94152708231402,0.9863382720929862,0.9674211944659233,0.9986433034930788,0.9841761033505313,0.005220121733958002,0.25,0.75
HistoKit (no postprocessing),gaussian,normal_004.png,17085176,1294845442,104462,3206904,0.9116538361448641,0.8376506174428979,0.9939229668478184,0.8419627756247757,0.9974823142506983,0.911653836144864,0.9999193312423305,0.9975294494017269,0.006077033152181564,0.25,0.75
HistoKit (no postprocessing),gaussian,TCGA-YL-A8SL-01Z-00-DX2.F64D1539-E590-4B51-96B4-1F95CAE6E33A.png,291137255,299356680,3846641,41358624,0.9279574150417836,0.865597531349887,0.9869598271222236,0.8756116192345349,0.928888906891813,0.9279574150417835,0.9873133282732085,0.8786123678201435,0.01304017287777635,0.25,0.75
HistoKit (no postprocessing),gaussian,tumor_031.png,37629275,1305349775,93030,8804528,0.894273176226258,0.8087650195318473,0.9975338198447842,0.8103853780832899,0.9934183652950669,0.894273176226258,0.999928736824284,0.9933002327200842,0.00246618015521586,0.25,0.75
HistoKit (no postprocessing),gaussian,tumor_021.png,172358007,1108145276,569544,67674437,0.8347443291692214,0.7163615248266361,0.9967064588799965,0.7180612925809313,0.9494019503716302,0.8347443291692214,0.999486302528183,0.9424448865316821,0.0032935411200034864,0.25,0.75
HistoKit (no postprocessing),gaussian,TCGA-SR-A6MX-01Z-00-DX1.2642CBB2-65ED-48E9-BC30-D2F3F5D4D8B3.png,78905077,266669757,792477,8010217,0.947166775517816,0.8996360995196195,0.9900564451451045,0.9078388091283451,0.97516012358436,0.947166775517816,0.9970370508458402,0.9708380014627496,0.009943554854895547,0.25,0.75
HistoKit (no postprocessing),gaussian,TCGA-G9-6333-11A-01-TS1.924c9301-78b6-4330-be95-533b25cf1a91.png,9139203,71144960,317324,6183977,0.7376360826219616,0.5843291878573734,0.9664439175185562,0.5964299185939211,0.9250876736684844,0.7376360826219616,0.9955595597812127,0.9200302339601539,0.03355608248144377,0.25,0.75
HistoKit (no postprocessing),gaussian,TCGA-FA-A82F-01Z-00-DX1.6D1B9A0A-FAA1-4E4D-9280-3D87F9929972.png,210061889,531845344,1174610,3909193,0.9880439502323924,0.9763704169358873,0.994439360595538,0.981730274187238,0.9931942918254778,0.9880439502323924,0.9977963113928752,0.9927033879696291,0.00556063940446201,0.25,0.75
HistoKit (no postprocessing),gaussian,TCGA-DQ-7590-01Z-00-DX1.8319DF99-1663-48DE-BB6A-A156FBAC2EA1.png,10525691,212619330,107021,22955174,0.4772086833946837,0.31337759691098155,0.9899347410143339,0.31437930292422256,0.9063301418427964,0.47720868339468364,0.999496907649208,0.9025566281145603,0.010065258985666122,0.9,1.25
HistoKit (no postprocessing),gaussian,TCGA-YL-A8SJ-01Z-00-DX2.36E46E11-79CA-4356-B68F-F387219B3D16.png,185568246,213216757,1660705,137473780,0.7273321602219991,0.5715019563540412,0.9911300843639294,0.5744399522803885,0.7413470080489071,0.7273321602219991,0.9922713858189557,0.6079911902498812,0.00886991563607062,0.25,0.75
HistoKit (no postprocessing),gaussian,TCGA-YL-A8SI-01Z-00-DX1.35E5FB1A-9AAC-4942-892B-E9D80F6BDA23.png,161269450,170359341,4115430,12907299,0.9498685141482814,0.9045234115401103,0.9751160444654916,0.9258953960611586,0.9511755204738531,0.9498685141482813,0.9764124636678847,0.9295709300939876,0.024883955534508354,0.9,1.25
HistoKit (no postprocessing),gaussian,TCGA-G9-6378-01A-01-BS1.bc59e095-f3ab-4a6e-8cef-ea7fc76abec8.png,15100971,33191727,7192,4064810,0.8811924883812613,0.7876176010887826,0.9995239659513867,0.7879131562653252,0.922237652464351,0.8811924883812613,0.999783366440335,0.890896730418074,0.0004760340486133225,0.9,1.25
HistoKit (no postprocessing),gaussian,TCGA-G9-7509-01Z-00-DX1.D75B78D5-F5B9-4684-9FE0-C7279122D66F.png,60741360,325043981,66630,37149229,0.7654934326790664,0.6200804863600711,0.9989042558387475,0.6205025490244012,0.912019495452968,0.7654934326790664,0.9997950543668966,0.8974325636861056,0.0010957441612524934,0.9,1.25
HistoKit (no postprocessing),gaussian,TCGA-BA-A6DF-01Z-00-DX1.AAA638F5-C794-441B-A034-30AD8CC72573.png,211150945,815544299,1107026,13099298,0.9674546238893914,0.9369608796599324,0.9947845256657052,0.94158624835916,0.9863519045059216,0.9674546238893915,0.9986444324938798,0.9841918792983807,0.005215474334294847,0.9,1.25
HistoKit (no postprocessing),gaussian,normal_004.png,17087332,1294843763,106141,3204748,0.9116755993969197,0.8376873649912902,0.9938266689923554,0.8420690239738854,0.9974826769216029,0.9116755993969197,0.999918034667077,0.9975311030575189,0.006173331007644587,0.9,1.25
HistoKit (no postprocessing),gaussian,TCGA-YL-A8SL-01Z-00-DX2.F64D1539-E590-4B51-96B4-1F95CAE6E33A.png,293297544,299332396,3870925,39198335,0.93159965283599,0.8719574598687212,0.9869739713199519,0.8821088095350499,0.9322489944929929,0.9315996528359901,0.9872332368021787,0.8842104086556325,0.013026028680048152,0.9,1.25
HistoKit (no postprocessing),gaussian,tumor_031.png,37650639,1305347269,95536,8783164,0.8945271760465416,0.8091806118285927,0.9974689885796375,0.8108454739319974,0.9934323147930377,0.8945271760465415,0.9999268171691367,0.9933163681629767,0.0025310114203624607,0.9,1.25
HistoKit (no postprocessing),gaussian,tumor_021.png,172573993,1108130102,584718,67458451,0.8353227841965785,0.7172139824340543,0.9966232250365966,0.7189611126069274,0.949550838162071,0.8353227841965785,0.999472616411856,0.9426172951175376,0.0033767749634033718,0.9,1.25
HistoKit (no postprocessing),gaussian,TCGA-SR-A6MX-01Z-00-DX1.2642CBB2-65ED-48E9-BC30-D2F3F5D4D8B3.png,79378441,266669339,792895,7536853,0.9501471302641031,0.9050288451401043,0.9901099939260086,0.913285077307568,0.9764947059509936,0.9501471302641032,0.9970354880083743,0.9725139212027714,0.009890006073991332,0.9,1.25
HistoKit (no postprocessing),gaussian,TCGA-G9-6333-11A-01-TS1.924c9301-78b6-4330-be95-533b25cf1a91.png,9186083,71173330,288954,6137097,0.7408664098713226,0.5883938095842631,0.9695036547086835,0.5994893357645084,0.9259547543584027,0.7408664098713226,0.9959565524102196,0.9206174737593934,0.03049634529131654,0.9,1.25
HistoKit (no postprocessing),gaussian,TCGA-FA-A82F-01Z-00-DX1.6D1B9A0A-FAA1-4E4D-9280-3D87F9929972.png,210881807,531849167,1170787,3089275,0.9900004102119433,0.9801988240606017,0.9944787895402968,0.9855621845198689,0.9942970373208067,0.9900004102119432,0.9978034837322431,0.99422498972321,0.0055212104597032186,0.9,1.25
HistoKit (no postprocessing),gaussian,TCGA-YL-A8SJ-01Z-00-DX2.36E46E11-79CA-4356-B68F-F387219B3D16.png,185893385,213249725,1627737,137148641,0.7281895911531789,0.5725614337544578,0.9913197138400228,0.5754464436153579,0.7420127340692293,0.728189591153179,0.9924248127986545,0.6085922358439309,0.008680286159977221,0.9,1.25
HistoKit (no postprocessing),gaussian,TCGA-DQ-7590-01Z-00-DX1.8319DF99-1663-48DE-BB6A-A156FBAC2EA1.png,10443471,212615584,110767,23037394,0.4743248130928637,0.3108950169494593,0.9895049742103599,0.31192357186709485,0.9059809806711758,0.4743248130928637,0.9994792981711984,0.9022401745332495,0.010495025789640143,0.75,1.25
HistoKit (no postprocessing),gaussian,TCGA-YL-A8SI-01Z-00-DX1.35E5FB1A-9AAC-4942-892B-E9D80F6BDA23.png,161067061,170318428,4156343,13109688,0.949127804311862,0.9031810035570964,0.9748441025945694,0.9247334212214513,0.9504776832752658,0.9491278043118621,0.97617797131254,0.9285295608662305,0.02515589740543053,0.75,1.25
HistoKit (no postprocessing),gaussian,TCGA-G9-6378-01A-01-BS1.bc59e095-f3ab-4a6e-8cef-ea7fc76abec8.png,15067702,33191614,7305,4098079,0.8801025256778553,0.7858777663647887,0.999515423110583,0.7861773021407268,0.921600161941155,0.8801025256778553,0.9997799627150511,0.8901015623807897,0.0004845768894170331,0.75,1.25
HistoKit (no postprocessing),gaussian,TCGA-G9-7509-01Z-00-DX1.D75B78D5-F5B9-4684-9FE0-C7279122D66F.png,60695992,325044134,66477,37194597,0.7651411547327377,0.6196183131903931,0.9989059529493445,0.620039092828423,0.9119126045032496,0.7651411547327377,0.9997955249759597,0.8973202095277879,0.0010940470506555617,0.75,1.25
HistoKit (no postprocessing),gaussian,TCGA-BA-A6DF-01Z-00-DX1.AAA638F5-C794-441B-A034-30AD8CC72573.png,211147828,815544960,1106365,13102415,0.9674487156872789,0.93694979647546,0.994787547023865,0.9415723487086701,0.9863495450128864,0.9674487156872789,0.9986452418968401,0.984188189819584,0.005212452976135082,0.75,1.25
HistoKit (no postprocessing),gaussian,normal_004.png,17085529,1294844332,105572,3206551,0.9116370886451712,0.8376223400614934,0.9938589157262236,0.8419801715743285,0.9974817386912126,0.9116370886451712,0.9999184740663142,0.9975297185634286,0.006141084273776298,0.75,1.25
HistoKit (no postprocessing),gaussian,TCGA-YL-A8SL-01Z-00-DX2.F64D1539-E590-4B51-96B4-1F95CAE6E33A.png,293283398,299325799,3877522,39212481,0.9315658894362229,0.871898304467897,0.986951440317253,0.8820662646468469,0.9322163642804647,0.9315658894362228,0.9872114791249269,0.8841712050997601,0.013048559682746978,0.75,1.25
HistoKit (no postprocessing),gaussian,tumor_031.png,37641089,1305348244,94561,8792714,0.8944121093432792,0.8089923170305322,0.9974941202814844,0.8106398047991029,0.9934259717585112,0.8944121093432791,0.9999275640421489,0.9933091545876618,0.0025058797185155152,0.75,1.25
HistoKit (no postprocessing),gaussian,tumor_021.png,172629776,1108132433,582387,67402668,0.8354847132947582,0.7174527658272237,0.9966377245690304,0.7191935103572915,0.9495939255525341,0.835484713294758,0.9994747188460961,0.9426621391886452,0.003362275430969591,0.75,1.25
HistoKit (no postprocessing),gaussian,TCGA-SR-A6MX-01Z-00-DX1.2642CBB2-65ED-48E9-BC30-D2F3F5D4D8B3.png,79111890,266668564,793670,7803404,0.9484652320506644,0.9019818088376919,0.9900673995651867,0.9102182867839117,0.9757403522494237,0.9484652320506644,0.9970325904030249,0.9715693953853969,0.009932600434813296,0.75,1.25
HistoKit (no postprocessing),gaussian,TCGA-G9-6333-11A-01-TS1.924c9301-78b6-4330-be95-533b25cf1a91.png,9214173,71182233,280051,6109007,0.7425573601493533,0.5905298075763924,0.970503013200447,0.6013225061638642,0.9263810123778332,0.7425573601493533,0.9960811356099394,0.9209611981901183,0.029496986799553076,0.75,1.25
HistoKit (no postprocessing),gaussian,TCGA-FA-A82F-01Z-00-DX1.6D1B9A0A-FAA1-4E4D-9280-3D87F9929972.png,210824260,531843052,1176902,3146822,0.9898497518068337,0.9799034881962919,0.9944486058996224,0.9852932369618059,0.9942118127372013,0.9898497518068337,0.9977920113662386,0.9941179783899985,0.00555139410037762,0.75,1.25
HistoKit (no postprocessing),gaussian,TCGA-YL-A8SJ-01Z-00-DX2.36E46E11-79CA-4356-B68F-F387219B3D16.png,186065849,213120753,1756709,136976177,0.7284351071790093,0.5728650667312482,0.9906469754287981,0.5759803184245755,0.7420935863175122,0.7284351071790094,0.9918246009439556,0.608747848774338,0.009353024571201933,0.75,1.25
HistoKit (no postprocessing),gaussian,TCGA-DQ-7590-01Z-00-DX1.8319DF99-1663-48DE-BB6A-A156FBAC2EA1.png,10432483,212611592,114759,23048382,0.4739010468926134,0.3105310084432425,0.9891195252749486,0.31159538440837775,0.9059201376128635,0.4739010468926134,0.9994605322779216,0.9021964502126271,0.010880474725051345,0.25,2.25
HistoKit (no postprocessing),gaussian,TCGA-YL-A8SI-01Z-00-DX1.35E5FB1A-9AAC-4942-892B-E9D80F6BDA23.png,159835560,170028119,4446652,14341189,0.9444900470518197,0.8948187029537076,0.9729328455840368,0.9176630113816168,0.9461128378272953,0.9444900470518197,0.9745140688564079,0.9222148786282801,0.027067154415963184,0.25,2.25
HistoKit (no postprocessing),gaussian,TCGA-G9-6378-01A-01-BS1.bc59e095-f3ab-4a6e-8cef-ea7fc76abec8.png,15009854,33191785,7134,4155927,0.8782117095311969,0.7828676025528721,0.9995249380235237,0.7831590061474667,0.9204987138282087,0.8782117095311969,0.999785113485171,0.8887233841794646,0.00047506197647624143,0.25,2.25
HistoKit (no postprocessing),gaussian,TCGA-G9-7509-01Z-00-DX1.D75B78D5-F5B9-4684-9FE0-C7279122D66F.png,60663908,325045090,65521,37226681,0.7648959918791587,0.6192968258947809,0.9989210996862823,0.6197113391564126,0.9118390160595289,0.7648959918791586,0.999798465513634,0.897241010810086,0.001078900313717753,0.25,2.25
HistoKit (no postprocessing),gaussian,TCGA-BA-A6DF-01Z-00-DX1.AAA638F5-C794-441B-A034-30AD8CC72573.png,211138495,815543230,1108095,13111748,0.9674228037297122,0.9369011897842449,0.9947792094092065,0.9415307300246716,0.9863389167264661,0.9674228037297122,0.9986431234896974,0.9841770720648467,0.005220790590793473,0.25,2.25
HistoKit (no postprocessing),gaussian,normal_004.png,17085251,1294845322,104582,3206829,0.9116530951875376,0.8376493663522002,0.9939160549145533,0.8419664716480518,0.9974822800364621,0.9116530951875375,0.999919238574653,0.9975295068094687,0.006083945085446729,0.25,2.25
HistoKit (no postprocessing),gaussian,TCGA-YL-A8SL-01Z-00-DX2.F64D1539-E590-4B51-96B4-1F95CAE6E33A.png,291133013,299356619,3846702,41362866,0.9279500773698618,0.8655847622219441,0.9869594354988105,0.875598861181675,0.9288821379671391,0.9279500773698618,0.987313127088077,0.8786014072544164,0.013040564501189515,0.25,2.25
HistoKit (no postprocessing),gaussian,tumor_031.png,37630929,1305349547,93258,8802874,0.8942924848846794,0.8087966054851391,0.9975278990107859,0.8104209986849451,0.9934194201250651,0.8942924848846794,0.9999285621709026,0.9933014817312428,0.002472100989214161,0.25,2.25
HistoKit (no postprocessing),gaussian,tumor_021.png,172371016,1108143932,570888,67661428,0.8347783189671626,0.7164115915069705,0.9966989608255961,0.7181154894210884,0.9494105991380161,0.8347783189671626,0.9994850903138465,0.9424552478651739,0.0033010391744039084,0.25,2.25
HistoKit (no postprocessing),gaussian,TCGA-SR-A6MX-01Z-00-DX1.2642CBB2-65ED-48E9-BC30-D2F3F5D4D8B3.png,78908065,266669586,792648,8007229,0.9471846843622894,0.8996684131523688,0.9900546937390635,0.90787318742775,0.9751680727340025,0.9471846843622894,0.9970364115032405,0.9708485443156168,0.009945306260936461,0.25,2.25
HistoKit (no postprocessing),gaussian,TCGA-G9-6333-11A-01-TS1.924c9301-78b6-4330-be95-533b25cf1a91.png,9107277,71145371,316913,6215903,0.7360197871531399,0.5823032510100803,0.9663723885023541,0.5943464085131154,0.9247245368187466,0.73601978715314,0.995565311066744,0.919650974207069,0.033627611497645954,0.25,2.25
HistoKit (no postprocessing),gaussian,TCGA-FA-A82F-01Z-00-DX1.6D1B9A0A-FAA1-4E4D-9280-3D87F9929972.png,210085600,531849621,1170333,3885482,0.9881103156157659,0.9765000383584909,0.9944601177189187,0.9818410882270531,0.9932317594772315,0.9881103156157659,0.9978043354827201,0.9927473820956623,0.005539882281081308,0.25,2.25
HistoKit (no postprocessing),gaussian,TCGA-YL-A8SJ-01Z-00-DX2.36E46E11-79CA-4356-B68F-F387219B3D16.png,185581678,213222710,1654752,137460348,0.7273741456958551,0.5715538021137986,0.9911622326915761,0.5744815320097082,0.741383045040376,0.7273741456958551,0.9922990899808748,0.6080211322897726,0.0088377673084239,0.25,2.25
HistoKit (no postprocessing),constant,TCGA-DQ-7590-01Z-00-DX1.8319DF99-1663-48DE-BB6A-A156FBAC2EA1.png,10447292,212614553,111798,23033573,0.47444607970194336,0.31099922027616567,0.9894121557823639,0.3120376967560426,0.905992312589246,0.47444607970194336,0.9994744515690019,0.9022543765105095,0.010587844217636179,0.25,
HistoKit (no postprocessing),constant,TCGA-YL-A8SI-01Z-00-DX1.35E5FB1A-9AAC-4942-892B-E9D80F6BDA23.png,159849611,170380714,4094057,14327138,0.9455188327181082,0.8966673488871756,0.9750276601106668,0.9177436823097439,0.9471644494766579,0.9455188327181082,0.9765349627540133,0.9224335195019213,0.024972339889333207,0.25,
HistoKit (no postprocessing),constant,TCGA-G9-6378-01A-01-BS1.bc59e095-f3ab-4a6e-8cef-ea7fc76abec8.png,14956457,33191955,6964,4209324,0.8764609849360088,0.780089496835221,0.9995345984050038,0.7803729469725236,0.9194822466279765,0.8764609849360089,0.9997902341338283,0.8874550787420933,0.00046540159499622443,0.25,
HistoKit (no postprocessing),constant,TCGA-G9-7509-01Z-00-DX1.D75B78D5-F5B9-4684-9FE0-C7279122D66F.png,60594495,325045211,65400,37296094,0.7643558502161368,0.6185889767291308,0.9989218576787843,0.6190022515851856,0.9116752056495347,0.764355850216137,0.9997988376946577,0.8970691624572031,0.0010781423212156895,0.25,
HistoKit (no postprocessing),constant,TCGA-BA-A6DF-01Z-00-DX1.AAA638F5-C794-441B-A034-30AD8CC72573.png,211136845,815542207,1109118,13113398,0.9674166331700028,0.9368896151600288,0.9947743741067057,0.9415233721731129,0.9863363487603085,0.9674166331700028,0.9986418708131037,0.9841750928601998,0.005225625893294375,0.25,
HistoKit (no postprocessing),constant,normal_004.png,17084252,1294845335,104569,3207828,0.9116244030526374,0.8376009216023671,0.993916453024905,0.8419172406180145,0.9974815303645295,0.9116244030526374,0.9999192486136513,0.99752873912145,0.006083546975095034,0.25,
HistoKit (no postprocessing),constant,TCGA-YL-A8SL-01Z-00-DX2.F64D1539-E590-4B51-96B4-1F95CAE6E33A.png,292161497,299155137,4048184,40334382,0.9294064362974617,0.8681225703274403,0.9863333838842357,0.8786920844814441,0.9301830708611871,0.9294064362974618,0.9866486158969215,0.8811910832510855,0.013666616115764292,0.25,
HistoKit (no postprocessing),constant,tumor_031.png,37633416,1305348964,93841,8800387,0.894318964138522,0.8088399232078031,0.9975126471558746,0.8104745588036371,0.9934208285376294,0.8943189641385221,0.9999281155791425,0.9933033585617165,0.0024873528441254024,0.25,
HistoKit (no postprocessing),constant,tumor_021.png,172325499,1108144019,570801,67706945,0.8346500528430154,0.7162226718928916,0.9966985933186541,0.7179258608890389,0.9493769160298368,0.8346500528430154,0.999485168783078,0.942418769833147,0.003301406681345986,0.25,
HistoKit (no postprocessing),constant,TCGA-SR-A6MX-01Z-00-DX1.2642CBB2-65ED-48E9-BC30-D2F3F5D4D8B3.png,79302767,266659382,802852,7612527,0.9496148185946032,0.9040634192154494,0.989977581972121,0.9124144135093186,0.9762530681685888,0.9496148185946032,0.9969982603226144,0.9722445983339839,0.010022418027878918,0.25,
HistoKit (no postprocessing),constant,TCGA-G9-6333-11A-01-TS1.924c9301-78b6-4330-be95-533b25cf1a91.png,9083949,71163531,298753,6239231,0.7353673105052473,0.5814868748956995,0.9681591720593918,0.5928240091156013,0.9246649876758163,0.7353673105052473,0.9958194311281738,0.9193926568150114,0.031840827940608156,0.25,
HistoKit (no postprocessing),constant,TCGA-FA-A82F-01Z-00-DX1.6D1B9A0A-FAA1-4E4D-9280-3D87F9929972.png,210263807,531841227,1178727,3707275,0.9885147023596913,0.9772902331509855,0.9944253080130037,0.9826739437621762,0.9934590888450768,0.9885147023596913,0.9977885874794098,0.9930776111105619,0.005574691986996334,0.25,
HistoKit (no postprocessing),constant,TCGA-YL-A8SJ-01Z-00-DX2.36E46E11-79CA-4356-B68F-F387219B3D16.png,185923233,213197960,1679502,137118793,0.7281901125780863,0.5725620784834444,0.9910475612202562,0.5755388402622265,0.7419719900536491,0.7281901125780864,0.9921839080545357,0.6085862527961944,0.008952438779743803,0.25,
HistoKit (no postprocessing),gaussian,TCGA-DQ-7590-01Z-00-DX1.8319DF99-1663-48DE-BB6A-A156FBAC2EA1.png,10444009,212615505,110846,23036856,0.47434260186957317,0.3109103016514997,0.9894981030056784,0.3119396407470357,0.9059828449544712,0.47434260186957317,0.9994789268020678,0.9022422015962742,0.01050189699432157,0.75,1.75
HistoKit (no postprocessing),gaussian,TCGA-YL-A8SI-01Z-00-DX1.35E5FB1A-9AAC-4942-892B-E9D80F6BDA23.png,161077017,170316985,4157786,13099732,0.9491545944788585,0.9032295230982602,0.9748371049893163,0.9247905815488611,0.9505021002059593,0.9491545944788585,0.9761697007758217,0.9285793998809825,0.025162895010683674,0.75,1.75
HistoKit (no postprocessing),gaussian,TCGA-G9-6378-01A-01-BS1.bc59e095-f3ab-4a6e-8cef-ea7fc76abec8.png,15068106,33191605,7314,4097675,0.8801155076307049,0.7858984686614238,0.9995148393875594,0.7861983813756402,0.9216077051907106,0.8801155076307049,0.9997796916218868,0.8901111794059848,0.00048516061244064843,0.75,1.75
HistoKit (no postprocessing),gaussian,TCGA-G9-7509-01Z-00-DX1.D75B78D5-F5B9-4684-9FE0-C7279122D66F.png,60698783,325044093,66518,37191806,0.7651626800618622,0.6196465459111609,0.9989053292108271,0.620067604251518,0.9119191056668398,0.7651626800618622,0.9997953988650343,0.8973271116897223,0.0010946707891729196,0.75,1.75
HistoKit (no postprocessing),gaussian,TCGA-BA-A6DF-01Z-00-DX1.AAA638F5-C794-441B-A034-30AD8CC72573.png,211149637,815544916,1106409,13100606,0.9674528973395845,0.9369576408155016,0.9947873852318911,0.9415804155895608,0.986351240658329,0.9674528973395845,0.998645188018277,0.9841903375421849,0.005212614768108891,0.75,1.75
HistoKit (no postprocessing),gaussian,normal_004.png,17085562,1294844301,105603,3206518,0.9116372928757902,0.8376226848902397,0.9938571353366685,0.8419817978245699,0.9974817402118453,0.9116372928757902,0.9999184501271642,0.9975297438643657,0.006142864663331427,0.75,1.75
HistoKit (no postprocessing),gaussian,TCGA-YL-A8SL-01Z-00-DX2.F64D1539-E590-4B51-96B4-1F95CAE6E33A.png,293291412,299323973,3879348,39204467,0.9315767863000918,0.8719173959858821,0.9869457277694481,0.8820903672012127,0.932226098444044,0.9315767863000917,0.9872054567634502,0.8841915113542602,0.013054272230551889,0.75,1.75
HistoKit (no postprocessing),gaussian,tumor_031.png,37641542,1305348187,94618,8792261,0.8944174538843507,0.8090010619530803,0.9974926436606162,0.8106495606228936,0.9934262646846538,0.8944174538843506,0.9999275203788036,0.9933094967030495,0.0025073563393837634,0.75,1.75
HistoKit (no postprocessing),gaussian,tumor_021.png,172630529,1108132117,582703,67401915,0.8354861963516347,0.7174549530749201,0.9966359209786005,0.7191966474332111,0.9495942495568984,0.8354861963516346,0.9994744338314158,0.9426627276070217,0.0033640790213994736,0.75,1.75
HistoKit (no postprocessing),gaussian,TCGA-SR-A6MX-01Z-00-DX1.2642CBB2-65ED-48E9-BC30-D2F3F5D4D8B3.png,79114541,266668198,794036,7800753,0.9484798611345016,0.9020082698157653,0.990063194342705,0.9102487877449968,0.9757468001752075,0.9484798611345017,0.9970312219855308,0.9715787415240276,0.009936805657295086,0.75,1.75
HistoKit (no postprocessing),gaussian,TCGA-G9-6333-11A-01-TS1.924c9301-78b6-4330-be95-533b25cf1a91.png,9212170,71182884,279400,6111010,0.7424753422863418,0.5904260705601253,0.9705633525328266,0.6011917891716994,0.9263654337320821,0.7424753422863418,0.9960902453103794,0.9209379980260796,0.0294366474671735,0.75,1.75
HistoKit (no postprocessing),gaussian,TCGA-FA-A82F-01Z-00-DX1.6D1B9A0A-FAA1-4E4D-9280-3D87F9929972.png,210840996,531843231,1176723,3130086,0.9898898539353855,0.9799820918461148,0.994449883691089,0.9853714531387003,0.9942344569179007,0.9898898539353855,0.9977923471885632,0.9941490801493563,0.005550116308910955,0.75,1.75
HistoKit (no postprocessing),gaussian,TCGA-YL-A8SJ-01Z-00-DX2.36E46E11-79CA-4356-B68F-F387219B3D16.png,186070008,213120308,1757154,136972018,0.7284448245095573,0.5728770866970785,0.990644835489768,0.5759931929104481,0.7421004906964813,0.7284448245095573,0.9918225299961891,0.6087545832124295,0.009355164510232019,0.75,1.75
